T_K,alpha,alpha_se,r2,z_runs,n,acceptable
2.0,7.825864273167436,0.32191370808007275,0.5603378808714201,-21.3401715585645,561,False
3.0,7.675887619044578,0.3605442995829605,0.5509747481696152,-18.961412249636673,464,False
4.0,7.780814080609709,0.3876604606937533,0.5596382730145641,-17.514765057478876,389,False
5.0,7.693807423989281,0.3619833350129134,0.5556047821239265,-19.275865082630737,469,False
8.0,7.502902062509158,0.3544249409186108,0.5469767150687483,-19.435326720372696,468,False
10.0,7.634820813184579,0.18471664729977674,0.6044834733690784,-31.695126137946378,1243,False
15.0,7.655318254043173,0.354258547496258,0.5621526868068005,-19.46076641255023,469,False
20.0,7.679821290463645,0.3416316326601742,0.5869454748181653,-19.58754464374145,474,False
25.0,7.455598735855924,0.29316916173873536,0.6058139743578155,-21.331978826399713,557,False
30.0,3.5304065829265023,0.16475048942478862,0.3626918374611291,-18.03274748742922,422,False
35.0,3.492354055603953,0.09109739986429807,0.506335913817441,-23.71553070761521,727,False
40.0,3.0081371641445718,0.03688579086912455,0.9251195112772111,-27.578827381620542,942,True
45.0,2.554004006434481,0.03316287295467677,0.9277589803061325,-24.274464253347446,681,True
50.0,1.834409699546245,0.023558979520608012,0.915785961965628,-21.54003562791891,566,True
55.0,1.3956982064962613,0.01692002410477666,0.9503959756984072,-20.482258759117183,578,True
60.0,1.6085451566204922,0.016752122901349337,0.9721597857960859,-17.772747199150178,485,True
65.0,1.8709290399397065,0.01788066156052909,0.982885556619046,-17.938809647499546,415,True
68.0,1.9885986139241516,0.02483846112290001,0.9642879105023457,-18.143501217850474,386,True
70.0,2.0418988138182126,0.02842095141038128,0.9557397386018962,-17.425903802747776,375,True
75.0,2.2386283512410707,0.04147498887159182,0.9219647308317985,-15.40489254378992,322,True
80.0,2.573357022474616,0.053517788408977536,0.9021693413926971,-14.443066747907187,268,True
85.0,2.2445142210064697,0.035854231051470516,0.9458315251005972,-12.391850204165632,212,True
88.0,1.3301241070665686,0.029035456656192518,0.975486454128808,-7.967445841467325,92,True
90.0,1.1334084352604763,0.00892754881668147,0.9932310724961766,-10.524184644005112,168,True
95.0,1.030411281517485,0.0036806408469033753,0.9994266347369225,-6.646636576327743,72,True
100.0,1.0122917827860503,0.001627774086424984,0.9998768296413633,-6.2024707931109155,66,True
110.0,1.0054422435638732,0.0008736878006982055,0.9999686832194419,-5.729135057384066,60,True
