T_K,eta_switch,eta_switch_lo,eta_switch_hi,hyst_pos,hyst_pos_lo,hyst_pos_hi,hyst_neg,hyst_neg_lo,hyst_neg_hi
2.0,7.044941374406904e-06,-3.383080297941478e-07,1.07792853035027e-05,0.04062732232402861,0.040621930873755284,0.04063012921488862,0.030590047695222666,0.029338759426832933,0.0320243782007597
3.0,0.0008199541788518714,6.1304787955589954e-06,0.002302531434528019,0.040627440322393314,0.04062566939389066,0.04062869342851648,0.029412735049037776,0.02782450308295775,0.030370069804820352
4.0,6.536636758729198e-06,6.015034691508391e-06,7.09635396553022e-06,0.04062526941230724,0.040624393230145044,0.04062611324491126,0.030378520998799216,0.030292190902866563,0.03047315179470056
5.0,6.137908186858882e-06,2.5952050968579466e-06,1.2047272165018453e-05,0.04062579121818638,0.04062308904604849,0.040630796322011276,0.030708161399879606,0.030438060783209608,0.030912634326720218
8.0,7.708729940887243e-06,5.830716153195639e-06,1.0272794913651175e-05,0.04062629136208358,0.040624709684170916,0.04062869419974362,0.03248557415864205,0.03231811459662696,0.03276192962850698
10.0,0.0034910382953226497,-0.0031896690038631745,0.01585940829021882,0.03822439489079127,0.028983481078514995,0.04097989408538534,0.024908766229000866,0.0,0.03538880827684859
15.0,0.0005370152129370953,0.0005175394426184791,0.0005518035774954329,0.03883276382376052,0.03848266770442554,0.03912648657668718,0.03296964619238332,0.03292060811537019,0.03300625776724319
20.0,-0.0024789449691512977,-0.005009628425570573,-0.0008689665952683331,0.03657586290010268,0.03535711719338749,0.037243834122541654,0.03439225518246059,0.03309310518032073,0.03625244928166542
25.0,-0.0002872119291368578,-0.0007910961575521507,4.105814763254424e-05,0.04030823349746666,0.040145922535118825,0.04044277781455055,0.03826298180865919,0.037843615771867366,0.03874467488116503
30.0,-0.0028896655795627533,-0.003929689081332517,-0.0008934953053986556,0.041113764753001415,0.040987964838076194,0.041287406299052934,0.042181935620806854,0.04018922369628305,0.04322015429292223
35.0,-0.0009917609082041976,-0.00301457058538825,0.00026115648523236554,0.049847008371327835,0.04777823503569328,0.05112335862782383,0.049711360612844556,0.04916607046999539,0.050066995003476514
40.0,7.835375898167844e-05,-0.0015381632638491894,0.0027684606663450676,0.06530022420744896,0.06392844645817282,0.06781743037248292,0.06548959348329103,0.06503523141207974,0.06596671349928027
45.0,0.003947589428941297,-0.0006581550771701978,0.008283360544219258,0.11356880158817893,0.10887961054715263,0.11799003026626591,0.12017166655201611,0.11899747753236554,0.12124205180786217
50.0,0.06181361896771871,0.04236738741201872,0.08193225553807872,0.16408356890768538,0.16147825849200076,0.16685929425964047,0.13785835976490077,0.11803807550869881,0.15702181403761908
55.0,0.04006361309209695,0.03924842320648924,0.040867023879410276,0.03292265547175357,0.03178603394233529,0.034067320509718536,0.10661217336307108,0.10616567242267011,0.1070355875556583
60.0,0.032753626951781814,0.03233501479124679,0.03316701701192312,0.0012870012337606004,-0.0014110348712988463,0.004020688018810803,0.024731749986218486,0.007591806357503114,0.04326094268697911
65.0,0.010468618618161514,0.010069769169129801,0.01088487435058303,0.006480039826781745,0.006079618780150628,0.006898688937123209,0.0003176189196770429,0.00028060296869008504,0.0003559548038187829
68.0,0.005680698728346767,0.0056118068485707905,0.00574611334284801,0.0011268050875880271,0.0010661451256868378,0.0011839650136837815,0.00024397281357567462,0.00016365609342789704,0.00032631970099159484
70.0,0.0050929171035881265,0.004958997907685134,0.005231922005685503,0.002340342123234473,0.002149894147778489,0.0025342607638784743,0.0020873787122143183,0.002028813930219462,0.00214654169600463
75.0,0.02280974545635989,0.02124308326136237,0.024512609724375557,0.03143633823973576,0.02859752016183322,0.03421163644306345,0.020684189205615523,0.018506074808330213,0.02271955290337759
80.0,0.013955856978567539,0.011608723744598728,0.016162166608896578,0.02933266644881079,0.026985259041038497,0.03165387421838289,0.025658579849659503,0.023501901492314653,0.02798866880524791
85.0,0.01643294638703169,0.00831811367425931,0.02416789308906952,0.049306889173304294,0.041801861677761384,0.05668342223019946,0.045967052374082426,0.038012440665578774,0.0542871683685665
88.0,1.4999475018393699e-05,1.4999475018393697e-05,1.4999475018393697e-05,0.0,0.0,0.0,0.0,0.0,0.0
90.0,1.4999475018393699e-05,1.4999475018393697e-05,1.4999475018393697e-05,0.0,0.0,0.0,0.0,0.0,0.0
95.0,1.4999475018393699e-05,1.4999475018393697e-05,1.4999475018393697e-05,0.0,0.0,0.0,0.0,0.0,0.0
100.0,1.4999475018393699e-05,1.4999475018393697e-05,1.4999475018393697e-05,0.0,0.0,0.0,0.0,0.0,0.0
110.0,1.4999475018393699e-05,1.4999475018393697e-05,1.4999475018393697e-05,0.0,0.0,0.0,0.0,0.0,0.0
