T_K,Ic,Ir,IrIc,PC1,eta_switch,foot_extent,sharp_width,hyst
2.0,0.06400505222625952,0.059608218145767194,0.9313048903553832,-2.0692225892195473,7.044941374406904e-06,0.0368691458917022,0.1018865265698519,0.06869510964461678
3.0,0.06395615505507854,0.05962837244013555,0.9323320388598105,-2.128453591479948,0.0008199541788518,0.0472582972582972,0.1135272310612298,0.06766796114018947
4.0,0.06400482197900309,0.05961881840650701,0.9314738571738405,-2.1435559799561266,6.536636758729198e-06,0.0463536463536463,0.1129802705324624,0.06852614282615954
5.0,0.06400475685201468,0.059598722604791356,0.9311608314142884,-2.118188342379603,6.137908186858882e-06,0.0407925407925407,0.118937155195405,0.0688391685857116
8.0,0.06400466835165897,0.05949225646793406,0.9294987068922458,-2.1365338072476856,7.708729940887243e-06,0.0430140035403193,0.1158199242785758,0.07050129310775421
10.0,0.0637208124230956,0.0598325315782773,0.9389794213701991,-1.1747111170776972,0.0034910382953226,0.0174825174825174,0.4077199412572799,0.061020578629800926
15.0,0.0630382054414812,0.0586690009997166,0.9306895808475931,-2.111294420445798,0.000537015212937,0.0515318015318015,0.1203131946176863,0.06931041915240688
20.0,0.0613450826478005,0.05714084223653979,0.9314657307514207,-2.0253493836295635,-0.0024789449691512,0.0706793206793206,0.1339409953983122,0.0685342692485793
25.0,0.059143070438902975,0.054672189605485505,0.924405669163963,-1.6059826759600702,-0.0002872119291368,0.0769230769230769,0.2865563052415529,0.07559433083603695
30.0,0.055460608342384504,0.05102483966881566,0.9200194731694115,-1.08761988500896,-0.0028896655795627,0.254551282051282,0.1341016154961707,0.07998052683058854
35.0,0.05051095978146097,0.04571972129056155,0.9051445763131599,-0.589016747434553,-0.0009917609082041,0.2799999999999999,0.3125039792128823,0.09485542368684008
40.0,0.043111081014798325,0.03781762651579605,0.8772135985830363,-0.3339636068304554,7.835375898167844e-05,0.2633333333333333,0.4580222223556315,0.12278640141696373
45.0,0.03370861029676073,0.026659736738970628,0.7908880403038309,-0.1448804714332597,0.0039475894289412,0.2270408163265306,0.495345153842302,0.20911195969616914
50.0,0.016952107662772477,0.012485711188761194,0.7365285448357745,0.3870283667855248,0.0618136189677187,0.2593793828892005,0.5684924286525318,0.26347145516422554
55.0,0.00942111197706346,0.00823756481995672,0.8743728808246636,1.5919565469016017,0.0400636130920969,0.198170731707317,1.0291241589191684,0.12562711917533642
60.0,0.009824360817934828,0.009578352666735023,0.9749593733619081,1.7565656766066091,0.0327536269517818,0.1235412474849094,1.095980519707458,0.025040626638091923
65.0,0.010234847365126119,0.010164944811480867,0.9931701420498527,1.5694576844133818,0.0104686186181615,0.1354326676907322,1.001550881749933,0.006829857950147344
68.0,0.01020853931034819,0.010194515747495775,0.9986262909485787,1.4995540970629182,0.0056806987283467,0.1275569842197545,0.9472602423560784,0.0013737090514213124
70.0,0.01019867991607367,0.010153589154702434,0.9955787649242555,1.5180130788841717,0.0050929171035881,0.118890977443609,0.9471217354819966,0.004421235075744545
75.0,0.00894691503087961,0.008491744193726104,0.9491253872890804,1.4042782010340338,0.0228097454563598,0.15625,0.8146188058446515,0.05087461271091964
80.0,0.006697224646509358,0.006338048815515523,0.9463694515337723,0.0550665555682916,0.0139558569785675,0.6951219512195121,0.1431712856607829,0.05363054846622772
85.0,0.002541353203642191,0.002309838598644522,0.9089010513509617,0.5076599755680191,0.0164329463870316,0.5,0.4724064727913905,0.09109894864903834
88.0,0.0010000349999999998,0.0010000349999999998,1.0,1.3458055729007132,1.49994750183937e-05,0.25,0.9663141036562516,0.0
90.0,0.0010000349999999998,0.0010000349999999998,1.0,1.7077376130181263,1.49994750183937e-05,0.1538461538461538,1.235243057306885,0.0
95.0,0.0010000349999999998,0.0010000349999999998,1.0,2.0329297171509135,1.49994750183937e-05,0.0869565217391304,1.4753873530149175,0.0
100.0,0.0010000349999999998,0.0010000349999999998,1.0,2.1508936804491436,1.49994750183937e-05,0.0952380952380952,1.539477826528994,0.0
110.0,0.0010000349999999998,0.0010000349999999998,1.0,2.141825851759819,1.49994750183937e-05,0.1,1.5677049237045293,0.0
