current,wlo,whi,Tbkt,b,rms_mOhm
316nA,85.5,93.0,86.5172890590564,3.1696866947197146,10.717856264695833
316nA,85.5,95.0,86.66823144940419,2.7886397772187768,14.295851559635798
316nA,85.5,97.0,86.76245291244656,2.576418480556312,16.63467133870675
316nA,86.0,93.0,86.51728919670718,3.169686502259506,11.10632554505608
316nA,86.0,95.0,86.66823156200985,2.788639643092803,14.812920969324898
316nA,86.0,97.0,86.76245305307746,2.5764183314915337,17.223467602072503
316nA,86.5,93.0,86.51728946776912,3.169686118577387,11.50688490702676
316nA,86.5,95.0,86.6682317838921,2.7886393789391786,15.367538435467758
316nA,86.5,97.0,86.76245339991243,2.5764179657465363,17.860647654172446
316nA,87.0,93.0,86.57597236096025,3.0716826175385954,11.089956285403407
316nA,87.0,95.0,86.70765868905254,2.7335007473998525,14.888151271786851
316nA,87.0,97.0,86.78615232733355,2.546953108248276,17.44065735413902
1uA,85.5,93.0,86.75265554605824,2.8747185988340322,9.577353967126173
1uA,85.5,95.0,86.91887671897385,2.4950066099403285,13.358592610707829
1uA,85.5,97.0,87.02598149845473,2.2708208563232293,15.829858182742482
1uA,86.0,93.0,86.75265553701446,2.8747186163652767,9.609130835778437
1uA,86.0,95.0,86.91887669548763,2.4950066507046125,13.39333767460607
1uA,86.0,97.0,87.0259814995591,2.270820854526856,15.863645046917046
1uA,86.5,93.0,86.75265553597742,2.874718618414916,9.642701445502363
1uA,86.5,95.0,86.91887669410144,2.495006653055643,13.430130836193367
1uA,86.5,97.0,87.02598149903505,2.2708208553826763,15.899421479492485
1uA,87.0,93.0,86.75285680314589,2.874400678972967,9.67927801960971
1uA,87.0,95.0,86.91889654565512,2.49498104634375,13.468872963924214
1uA,87.0,97.0,87.02598165955453,2.2708205978096925,15.937645503124639
3.16uA,85.5,93.0,86.407893083354,3.4505650299283017,8.274006731203599
3.16uA,85.5,95.0,86.56041933521239,3.0293513867877624,12.443643420298011
3.16uA,85.5,97.0,86.66508158229128,2.7738731861711523,15.539905494489135
3.16uA,86.0,93.0,86.40789317156253,3.4505649195327517,8.840488830365013
3.16uA,86.0,95.0,86.56042087754852,3.0293494867988366,13.230620463273663
3.16uA,86.0,97.0,86.66508191654192,2.7738728201745357,16.473134051461194
3.16uA,86.5,93.0,86.40791874939033,3.450515538351137,9.468375947473458
3.16uA,86.5,95.0,86.56041826038911,3.029352747938293,14.104546181109287
3.16uA,86.5,97.0,86.66508007056717,2.7738748447932497,17.504584016422054
3.16uA,87.0,93.0,86.46852476793745,3.3421458921157035,9.510701105069876
3.16uA,87.0,95.0,86.61570034503463,2.9472628892107617,14.011419585784093
3.16uA,87.0,97.0,86.70778839341307,2.7179262537683955,17.423142115343328
10uA,85.5,93.0,86.48212878131044,3.2087332785467044,9.69052128092193
10uA,85.5,95.0,86.63859610877701,2.807349935434955,13.75554767147323
10uA,85.5,97.0,86.74241473940535,2.573756425605476,16.47605525378461
10uA,86.0,93.0,86.48212888187318,3.208733139563596,10.198186500232428
10uA,86.0,95.0,86.63859625175408,2.8073497662756064,14.406720177208394
10uA,86.0,97.0,86.742415011512,2.5737561402152695,17.20766621800521
10uA,86.5,93.0,86.48212902704255,3.208732937761214,10.757997443635889
10uA,86.5,95.0,86.6385917751232,2.807355067355078,15.120564283735431
10uA,86.5,97.0,86.74241564934414,2.573755471985307,18.00478387446434
10uA,87.0,93.0,86.54717631604228,3.099928066342057,10.45123616476618
10uA,87.0,95.0,86.68729203523515,2.7398257627019547,14.689012962890178
10uA,87.0,97.0,86.77336063460123,2.5359738150906668,17.609166949053755
