T_K,S_switch,hyst_intrinsic,drift_proxy,dIc_dT
2.0,0.06400505222625952,0.004396834080492327,0.0006008621462516885,-4.889717118097825e-05
3.0,0.06395615505507854,0.004327782614942984,0.0006699290901500017,-1.1512362821375355e-07
4.0,0.06400482197900309,0.004386003572496078,0.0006114353831509489,2.430089846806871e-05
5.0,0.06400475685201468,0.004406034247223321,0.0005914642643318757,-5.622027095773807e-08
8.0,0.06400466835165897,0.0045124118837249,0.00048513679757600237,-8.516857861643953e-05
10.0,0.0637208124230956,0.0038882808448182926,0.0008000974551881923,-0.0001403832305791699
15.0,0.0630382054414812,0.004369204441764588,0.00034741271347415656,-0.00023757297752950973
20.0,0.0613450826478005,0.004204240411260714,0.00011692526181086502,-0.00038951350025782233
25.0,0.059143070438902975,0.0044708808334174635,0.00011097092047041013,-0.0005884474305415995
30.0,0.055460608342384504,0.004435768673568846,-6.810500370981604e-05,-0.0008632110657442009
35.0,0.05051095978146097,0.0047912384908994285,3.219456510668295e-06,-0.0012349527327586186
40.0,0.043111081014798325,0.005293454499002273,-5.52169767487759e-06,-0.0016802349484700244
45.0,0.03370861029676073,0.0070488735577900995,-0.00015310327003375743,-0.0026158973352025847
50.0,0.016952107662772477,0.004466396474011283,0.000610009471569418,-0.0024287498319697266
55.0,0.00942111197706346,0.0011835471571067409,-0.0005588428767059929,-0.0007127746844837648
60.0,0.009824360817934828,0.00024600815119980423,-0.00021967492113553286,8.13735388062657e-05
65.0,0.010234847365126119,6.99025536452522e-05,6.345778408689811e-05,2.5305646293945216e-05
68.0,0.01020853931034819,1.4023562852415877e-05,9.051269871543019e-06,-6.4655589194126915e-06
70.0,0.01019867991607367,4.509076137123626e-05,2.8129496668864024e-06,-7.505063425198915e-05
75.0,0.00894691503087961,0.0004551708371535049,0.0001020115780345195,-0.00035014552695643113
80.0,0.006697224646509358,0.0003591758309938356,2.7614040839334542e-05,-0.000640556182723742
85.0,0.002541353203642191,0.0002315146049976691,1.086004192620742e-05,-0.0006327983173071606
88.0,0.0010000349999999998,0.0,0.0,-0.00020550909381895877
90.0,0.0010000349999999998,0.0,0.0,-1.3552527156068805e-20
95.0,0.0010000349999999998,0.0,0.0,0.0
100.0,0.0010000349999999998,0.0,0.0,2.0328790734103208e-20
110.0,0.0010000349999999998,0.0,0.0,0.0
