T_K,branch,Ic_mA,Ic_lo,Ic_hi,Ic_std,n_scan
2.0,retrap_neg,0.06020863160182017,0.0600907669954007,0.060312145557033396,0.00013727683609818605,4
2.0,retrap_pos,0.059007804689714206,0.05900773437357464,0.05900789586115992,8.27391557495483e-08,3
2.0,switch_neg,0.0640046035360608,0.06400440989559544,0.06400495701483465,3.065878000235271e-07,3
2.0,switch_pos,0.06400550091645824,0.0640051122314409,0.06400574877781016,3.9975489598685896e-07,4
3.0,retrap_neg,0.060248967332028176,0.06023144077142118,0.0602620616117851,1.5784258021795607e-05,3
3.0,retrap_pos,0.059007777548242935,0.05900776519118988,0.05900779122330693,1.3066011028624475e-08,3
3.0,switch_neg,0.06390682085682117,0.06371156620106933,0.06400449480721142,0.0001690954985155928,3
3.0,switch_pos,0.06400548925333592,0.06400527956841885,0.06400563908096127,1.8708150247141545e-07,3
4.0,retrap_neg,0.060229834791044545,0.06021893277076457,0.06024073681132452,1.5417784937203324e-05,2
4.0,retrap_pos,0.05900780202196948,0.05900775983724285,0.05900784984226135,4.526638416640321e-08,3
4.0,switch_neg,0.06400440298038967,0.06400439403363156,0.06400440953736526,8.023386758517292e-09,3
4.0,switch_pos,0.0640052409776165,0.06400517951948428,0.06400530243574873,8.691492410682117e-08,2
5.0,retrap_neg,0.060189791242252134,0.060166101401050796,0.06022288407397184,2.9536082323679903e-05,3
5.0,retrap_pos,0.05900765396733058,0.05900753140226337,0.05900772358049087,1.0647086979448962e-07,3
5.0,switch_neg,0.06400436122514358,0.06400411296062655,0.06400454312953804,2.226299002928169e-07,3
5.0,switch_pos,0.06400515247888577,0.0640048753402333,0.06400565512914251,4.360725839558321e-07,3
8.0,retrap_neg,0.05997690274869414,0.05994348144258584,0.05999666119492858,2.910372518696691e-05,3
8.0,retrap_pos,0.05900761018717398,0.05900758902290814,0.059007641976189094,2.80299208699423e-08,3
8.0,switch_neg,0.06400417783484304,0.06400413307419074,0.06400424824006196,6.171731783507458e-08,3
8.0,switch_pos,0.06400515886847487,0.06400499462562209,0.06400544809036503,2.5124169260935165e-07,3
10.0,retrap_neg,0.06041633455335496,0.05978750808618089,0.061079130060039476,0.0009820651596878908,9
10.0,retrap_pos,0.059248728603199644,0.05897637932431282,0.05976241829845909,0.0005106218812698307,4
10.0,switch_neg,0.06350451794298506,0.06250611835999345,0.0640037611162609,0.0009984049880422123,4
10.0,switch_pos,0.06393710690320613,0.06380096796605192,0.0640052633964695,0.0001667271556118195,6
15.0,retrap_neg,0.058982550457395734,0.05897836919976252,0.058987864920669424,4.848225979998735e-06,3
15.0,retrap_pos,0.05835545154203747,0.05832363568429891,0.05839550820124053,3.6638064624973786e-05,3
15.0,switch_neg,0.06300434218568617,0.06300390827949102,0.06300456951829661,3.7591711043903543e-07,3
15.0,switch_pos,0.06307206869727622,0.06306981798653433,0.06307347823240957,1.969779751671708e-06,3
20.0,retrap_neg,0.05740795306261657,0.05737194724580399,0.057433730163236336,3.2136462123702625e-05,3
20.0,retrap_pos,0.056873731410463015,0.056859429945286775,0.05690191989323642,2.4412821682435528e-05,3
20.0,switch_neg,0.06149526821206642,0.06136515413667817,0.06168816803654664,0.0001704142969173654,3
20.0,switch_pos,0.061194897083534594,0.06107317930136132,0.06125859819211798,0.0001054490022389295,3
25.0,retrap_neg,0.0548000387816447,0.05479211271441379,0.054813053013522114,1.3079116869418698e-05,4
25.0,retrap_pos,0.054544340429326314,0.05453921982840801,0.0545508944960488,5.967879379609187e-06,3
25.0,switch_neg,0.059159948694591756,0.05913172927421195,0.05920768363933481,4.1568114747766775e-05,3
25.0,switch_pos,0.059126192183214195,0.05911784203738119,0.05913368259537852,9.395583857694484e-06,4
30.0,retrap_neg,0.05111772291666667,,,,1
30.0,retrap_pos,0.05093195642096465,0.05091432191270015,0.05094487448299292,1.5812923091509383e-05,3
30.0,switch_neg,0.05562159659394533,0.05539852836678688,0.05573595537938845,0.00019320340123002387,3
30.0,switch_pos,0.05529962009082368,,,,1
35.0,retrap_neg,0.0457712872956483,0.04574458065366995,0.045808459698385894,3.320063553093292e-05,3
35.0,retrap_pos,0.0456681552854748,0.04565287804963238,0.04567872593182487,1.3551466413132896e-05,3
35.0,switch_neg,0.05055930633003705,0.05054582105604391,0.050566591635448195,1.169119112882986e-05,3
35.0,switch_pos,0.050462613232884895,0.05026263481524249,0.05057222869050928,0.0001734537122926196,3
40.0,retrap_neg,0.03780756560828561,0.03779567452509835,0.0378177168740065,1.1123691381883561e-05,3
40.0,retrap_pos,0.03782768742330648,0.037815745578018777,0.03783415024995092,1.0353633236814646e-05,3
40.0,switch_neg,0.04310654180496276,0.0430788433913021,0.04313436313276028,2.776007481634866e-05,3
40.0,switch_pos,0.04311562022463388,0.043001871540898955,0.043318029736250936,0.00017574002936899242,3
45.0,retrap_neg,0.02637749902179757,0.026327827868597227,0.02642717017499791,7.024561851463358e-05,2
45.0,retrap_pos,0.026941974456143686,0.02692360315226358,0.02696034576002379,2.5980947105721634e-05,2
45.0,switch_neg,0.033579475849621426,0.03356623393235246,0.033592717766890386,1.872689899358971e-05,2
45.0,switch_pos,0.03383774474390003,0.03354852841482835,0.0341269610729717,0.00040901365503292217,2
50.0,retrap_neg,0.012048229504986276,0.012042033109409987,0.012054425900562563,8.76302666181493e-06,2
50.0,retrap_pos,0.012923192872536111,0.012858150144400471,0.012988235600671751,9.198430826316798e-05,2
50.0,switch_neg,0.01590461650742814,0.01528105325295152,0.016528179761904762,0.0008818516114783429,2
50.0,switch_pos,0.017999598818116812,0.017990652501415336,0.01800854513481829,1.2652002412513426e-05,2
55.0,retrap_neg,0.007301327906567085,0.007295564472703397,0.007307091340430772,8.150726335867052e-06,2
55.0,retrap_pos,0.009173801733346355,0.009166892877582466,0.009180710589110241,9.7705975217694e-06,2
55.0,switch_neg,0.009043717940379819,0.009042899066037703,0.009044536814721936,1.1580632005006262e-06,2
55.0,switch_pos,0.009798506013747103,0.009783507881094016,0.009813504146400191,2.1210562608267454e-05,2
60.0,retrap_neg,0.009036918696946741,0.008715592158464172,0.009358245235429313,0.00045442434867245136,2
60.0,retrap_pos,0.010119786636523307,0.010071993554754547,0.010167579718292066,6.758962442498566e-05,2
60.0,switch_neg,0.009502601769282078,0.009501424193701797,0.009503779344862361,1.6653433563541664e-06,2
60.0,switch_pos,0.010146119866587578,0.010138926529861673,0.010153313203313485,1.0172914356492451e-05,2
65.0,retrap_neg,0.010121167303679804,0.010120926622727094,0.010121407984632513,3.403742675265958e-07,2
65.0,retrap_pos,0.01020872231928193,0.010208155920345092,0.010209288718218771,8.010090581924727e-07,2
65.0,switch_neg,0.010127612073238158,0.01012708977321488,0.010128134373261436,7.386437765476989e-07,2
65.0,switch_pos,0.010342082657014081,0.01033418520811082,0.010349980105917343,1.116867934714101e-05,2
68.0,retrap_neg,0.010145593131032384,0.01014464346377654,0.010146542798288227,1.343032312955587e-06,2
68.0,retrap_pos,0.010243438363959167,0.01024289987755237,0.010243976850365964,7.615347796449752e-07,2
68.0,switch_neg,0.010150565424013257,0.010149864429005668,0.010151266419020847,9.91356646888933e-07,2
68.0,switch_pos,0.010266513196683126,0.010265843295142811,0.01026718309822344,9.473838437675917e-07,2
70.0,retrap_neg,0.010104434959934107,0.010103329453699638,0.010105540466168577,1.5634219100749914e-06,2
70.0,retrap_pos,0.010202743349470762,0.010201521491373041,0.010203965207568484,1.7279682930929742e-06,2
70.0,switch_neg,0.010146712771638457,0.010146628348376683,0.010146797194900232,1.1939252178142625e-07,2
70.0,switch_pos,0.010250647060508884,0.010247934627334494,0.010253359493683273,3.835959782252744e-06,2
75.0,retrap_neg,0.008389089197677446,0.008378989568850925,0.008399188826503966,1.4283032061399925e-05,2
75.0,retrap_pos,0.008594399189774763,0.008548335316686546,0.00864046306286298,6.514415405678953e-05,2
75.0,switch_neg,0.008742248456796432,0.00871592235437011,0.008768574559222754,3.723073109572766e-05,2
75.0,switch_pos,0.009151581604962787,0.009149203408448601,0.009153959801476973,3.3632777643501595e-06,2
80.0,retrap_neg,0.006272688859705623,0.006267215075772884,0.006278162643638361,7.741099475178534e-06,2
80.0,retrap_pos,0.006403408771325423,0.00637948943191403,0.006427328110736817,3.382705419859779e-05,2
80.0,switch_neg,0.006604250649860124,0.006580362433333819,0.006628138866386429,3.3783039792405995e-05,2
80.0,switch_pos,0.006790198643158593,0.006783834763121227,0.0067965625231959596,8.999885458159026e-06,2
85.0,retrap_neg,0.0022794545642678375,0.002264616665545759,0.0022942924629899162,2.098395760988213e-05,2
85.0,retrap_pos,0.002340222633021206,0.0023194793358038094,0.0023609659302386028,2.9335452253178466e-05,2
85.0,switch_neg,0.002500109127339299,0.0024756080221624874,0.002524610232516111,3.464979523417694e-05,2
85.0,switch_pos,0.0025825972799450826,0.00256696251339738,0.002598232046492785,2.2110898896298094e-05,2
88.0,retrap_neg,0.00100002,,,,1
88.0,retrap_pos,0.00100005,,,,1
88.0,switch_neg,0.00100002,,,,1
88.0,switch_pos,0.00100005,,,,1
90.0,retrap_neg,0.00100002,0.00100002,0.00100002,0.0,2
90.0,retrap_pos,0.00100005,0.00100005,0.00100005,0.0,2
90.0,switch_neg,0.00100002,0.00100002,0.00100002,0.0,2
90.0,switch_pos,0.00100005,0.00100005,0.00100005,0.0,2
95.0,retrap_neg,0.00100002,,,,1
95.0,retrap_pos,0.00100005,,,,1
95.0,switch_neg,0.00100002,,,,1
95.0,switch_pos,0.00100005,,,,1
100.0,retrap_neg,0.00100002,,,,1
100.0,retrap_pos,0.00100005,,,,1
100.0,switch_neg,0.00100002,,,,1
100.0,switch_pos,0.00100005,,,,1
110.0,retrap_neg,0.00100002,,,,1
110.0,retrap_pos,0.00100005,,,,1
110.0,switch_neg,0.00100002,,,,1
110.0,switch_pos,0.00100005,,,,1
