T_K,branch,scan,Ic_mA
2.0,retrap_pos,1,0.05900773437357464
2.0,switch_neg,1,0.06400440989559544
2.0,retrap_pos,2,0.05900789586115991
2.0,switch_neg,2,0.06400495701483465
2.0,retrap_pos,3,0.05900778383440809
2.0,switch_neg,3,0.06400444369775231
2.0,retrap_neg,1,0.06003272730115302
2.0,switch_pos,1,0.06400578975405923
2.0,retrap_neg,2,0.06026488607814376
2.0,switch_pos,2,0.06400491370806749
2.0,retrap_neg,3,0.06018107842790903
2.0,switch_pos,3,0.0640055924021451
2.0,retrap_neg,4,0.06035583460007485
2.0,switch_pos,4,0.0640057078015611
3.0,retrap_pos,1,0.05900776519118988
3.0,switch_neg,1,0.06371156620106933
3.0,retrap_pos,2,0.059007776230231984
3.0,switch_neg,2,0.06400449480721142
3.0,retrap_pos,3,0.05900779122330693
3.0,switch_neg,3,0.06400440156218276
3.0,retrap_neg,1,0.0602620616117851
3.0,switch_pos,1,0.06400563908096127
3.0,retrap_neg,2,0.060253399612878254
3.0,switch_pos,2,0.06400527956841885
3.0,retrap_neg,3,0.06023144077142118
3.0,switch_pos,3,0.06400554911062763
4.0,retrap_pos,1,0.05900775983724285
4.0,switch_neg,1,0.06400439403363156
4.0,retrap_pos,2,0.05900784984226135
4.0,switch_neg,2,0.06400440537017221
4.0,retrap_pos,3,0.05900779638640424
4.0,switch_neg,3,0.06400440953736526
4.0,retrap_neg,1,0.06024073681132452
4.0,switch_pos,1,0.06400517951948428
4.0,retrap_neg,2,0.06021893277076457
4.0,switch_pos,2,0.06400530243574873
5.0,retrap_pos,1,0.05900753140226338
5.0,switch_neg,1,0.06400411296062655
5.0,retrap_pos,2,0.059007723580490876
5.0,switch_neg,2,0.06400454312953804
5.0,retrap_pos,3,0.059007706919237485
5.0,switch_neg,3,0.06400442758526616
5.0,retrap_neg,1,0.06018038825173378
5.0,switch_pos,1,0.0640048753402333
5.0,retrap_neg,2,0.06016610140105079
5.0,switch_pos,2,0.06400565512914251
5.0,retrap_neg,3,0.06022288407397185
5.0,switch_pos,3,0.0640049269672815
8.0,retrap_pos,1,0.05900758902290814
8.0,switch_neg,1,0.06400413307419074
8.0,retrap_pos,2,0.05900759956242469
8.0,switch_neg,2,0.06400415219027643
8.0,retrap_pos,3,0.059007641976189094
8.0,switch_neg,3,0.06400424824006196
8.0,retrap_neg,1,0.05994348144258584
8.0,switch_pos,1,0.06400499462562209
8.0,retrap_neg,2,0.05999056560856802
8.0,switch_pos,2,0.06400503388943753
8.0,retrap_neg,3,0.05999666119492858
8.0,switch_pos,3,0.06400544809036503
10.0,retrap_pos,1,0.06001410304968353
10.0,switch_neg,1,
10.0,retrap_pos,2,0.05896603498946101
10.0,switch_neg,2,0.06400374204920356
10.0,retrap_pos,3,0.059007412328868254
10.0,switch_neg,3,0.06400378018331823
10.0,retrap_pos,4,0.05900736404478578
10.0,switch_neg,4,0.06400363907582837
10.0,retrap_pos,5,
10.0,switch_neg,5,0.06200691046359009
10.0,retrap_neg,1,0.06200691046359009
10.0,switch_pos,1,
10.0,retrap_neg,2,0.05993028291213032
10.0,switch_pos,2,0.064005267274864
10.0,retrap_neg,3,0.0597625403640292
10.0,switch_pos,3,0.064005391002125
10.0,retrap_neg,4,0.05975574431673053
10.0,switch_pos,4,0.0640049959054718
10.0,retrap_neg,5,0.05977288039365565
10.0,switch_pos,5,0.06400507890921103
10.0,retrap_neg,6,0.05962857835035545
10.0,switch_pos,6,0.0640051316852292
10.0,retrap_neg,7,0.05976521662279547
10.0,switch_pos,7,0.06359677664233576
10.0,retrap_neg,8,0.061562428778453984
10.0,switch_pos,8,
10.0,retrap_neg,9,0.061562428778453984
10.0,switch_pos,9,
15.0,retrap_pos,1,0.05839550820124053
15.0,switch_neg,1,0.06300390827949102
15.0,retrap_pos,2,0.05832363568429891
15.0,switch_neg,2,0.06300454875927085
15.0,retrap_pos,3,0.05834721074057299
15.0,switch_neg,3,0.06300456951829661
15.0,retrap_neg,1,0.058987864920669424
15.0,switch_pos,1,0.06307290987288475
15.0,retrap_neg,2,0.05898141725175527
15.0,switch_pos,2,0.06307347823240957
15.0,retrap_neg,3,0.05897836919976252
15.0,switch_pos,3,0.06306981798653433
20.0,retrap_pos,1,0.05685942994528677
20.0,switch_neg,1,0.06136515413667816
20.0,retrap_pos,2,0.05690191989323641
20.0,switch_neg,2,0.06143248246297447
20.0,retrap_pos,3,0.05685984439286587
20.0,switch_neg,3,0.06168816803654664
20.0,retrap_neg,1,0.05737194724580399
20.0,switch_pos,1,0.06125859819211798
20.0,retrap_neg,2,0.057418181778809405
20.0,switch_pos,2,0.0612529137571245
20.0,retrap_neg,3,0.057433730163236336
20.0,switch_pos,3,0.061073179301361316
25.0,retrap_pos,1,0.0545508944960488
25.0,switch_neg,1,0.05914043317022851
25.0,retrap_pos,2,0.05454290696352213
25.0,switch_neg,2,0.05920768363933481
25.0,retrap_pos,3,0.05453921982840801
25.0,switch_neg,3,0.05913172927421195
25.0,retrap_neg,1,0.05479399320388349
25.0,switch_pos,1,0.05913658515212592
25.0,retrap_neg,2,0.05479590803011292
25.0,switch_pos,2,0.05912912890862944
25.0,retrap_neg,3,0.05481940628340165
25.0,switch_pos,3,0.059114079746965115
25.0,retrap_neg,4,0.054790847609180744
25.0,switch_pos,4,0.05912497492513629
30.0,retrap_pos,1,0.05091432191270015
30.0,switch_neg,1,0.05573595537938845
30.0,retrap_pos,2,0.05093667286720088
30.0,switch_neg,2,0.05539852836678688
30.0,retrap_pos,3,0.05094487448299291
30.0,switch_neg,3,0.05573030603566067
30.0,retrap_neg,1,0.05111772291666667
30.0,switch_pos,1,0.05529962009082368
35.0,retrap_pos,1,0.04567872593182487
35.0,switch_neg,1,0.050566591635448195
35.0,retrap_pos,2,0.04567286187496714
35.0,switch_neg,2,0.05054582105604391
35.0,retrap_pos,3,0.04565287804963238
35.0,switch_neg,3,0.05056550629861906
35.0,retrap_neg,1,0.04574458065366995
35.0,switch_pos,1,0.05055297619290293
35.0,retrap_neg,2,0.045808459698385894
35.0,switch_pos,2,0.05057222869050927
35.0,retrap_neg,3,0.045760821534889036
35.0,switch_pos,3,0.05026263481524249
40.0,retrap_pos,1,0.037815745578018777
40.0,switch_neg,1,0.0430788433913021
40.0,retrap_pos,2,0.03783415024995092
40.0,switch_neg,2,0.04313436313276027
40.0,retrap_pos,3,0.03783316644194976
40.0,switch_neg,3,0.04310641889082592
40.0,retrap_neg,1,0.03779567452509835
40.0,switch_pos,1,0.043001871540898955
40.0,retrap_neg,2,0.0378177168740065
40.0,switch_pos,2,0.043318029736250936
40.0,retrap_neg,3,0.03780930542575198
40.0,switch_pos,3,0.043026959396751746
45.0,retrap_pos,1,0.02696034576002379
45.0,switch_neg,1,0.033592717766890386
45.0,retrap_pos,2,0.02692360315226358
45.0,switch_neg,2,0.03356623393235246
45.0,retrap_neg,1,0.02642717017499791
45.0,switch_pos,1,0.0341269610729717
45.0,retrap_neg,2,0.026327827868597227
45.0,switch_pos,2,0.03354852841482835
50.0,retrap_pos,1,0.012858150144400471
50.0,switch_neg,1,0.01528105325295152
50.0,retrap_pos,2,0.012988235600671751
50.0,switch_neg,2,0.016528179761904762
50.0,retrap_neg,1,0.012054425900562563
50.0,switch_pos,1,0.01800854513481829
50.0,retrap_neg,2,0.012042033109409987
50.0,switch_pos,2,0.017990652501415336
55.0,retrap_pos,1,0.009180710589110241
55.0,switch_neg,1,0.009044536814721936
55.0,retrap_pos,2,0.009166892877582466
55.0,switch_neg,2,0.009042899066037703
55.0,retrap_neg,1,0.007295564472703397
55.0,switch_pos,1,0.009783507881094016
55.0,retrap_neg,2,0.007307091340430772
55.0,switch_pos,2,0.009813504146400191
60.0,retrap_pos,1,0.010167579718292066
60.0,switch_neg,1,0.009501424193701797
60.0,retrap_pos,2,0.010071993554754547
60.0,switch_neg,2,0.009503779344862361
60.0,retrap_neg,1,0.009358245235429313
60.0,switch_pos,1,0.010138926529861673
60.0,retrap_neg,2,0.008715592158464172
60.0,switch_pos,2,0.010153313203313485
65.0,retrap_pos,1,0.010209288718218771
65.0,switch_neg,1,0.010128134373261436
65.0,retrap_pos,2,0.010208155920345092
65.0,switch_neg,2,0.01012708977321488
65.0,retrap_neg,1,0.010121407984632513
65.0,switch_pos,1,0.01033418520811082
65.0,retrap_neg,2,0.010120926622727094
65.0,switch_pos,2,0.010349980105917343
68.0,retrap_pos,1,0.01024289987755237
68.0,switch_neg,1,0.010149864429005668
68.0,retrap_pos,2,0.010243976850365964
68.0,switch_neg,2,0.010151266419020847
68.0,retrap_neg,1,0.010146542798288227
68.0,switch_pos,1,0.010265843295142811
68.0,retrap_neg,2,0.01014464346377654
68.0,switch_pos,2,0.01026718309822344
70.0,retrap_pos,1,0.010201521491373041
70.0,switch_neg,1,0.010146628348376683
70.0,retrap_pos,2,0.010203965207568484
70.0,switch_neg,2,0.010146797194900232
70.0,retrap_neg,1,0.010105540466168577
70.0,switch_pos,1,0.010253359493683273
70.0,retrap_neg,2,0.010103329453699638
70.0,switch_pos,2,0.010247934627334494
75.0,retrap_pos,1,0.00864046306286298
75.0,switch_neg,1,0.00871592235437011
75.0,retrap_pos,2,0.008548335316686546
75.0,switch_neg,2,0.008768574559222754
75.0,retrap_neg,1,0.008399188826503966
75.0,switch_pos,1,0.009153959801476973
75.0,retrap_neg,2,0.008378989568850925
75.0,switch_pos,2,0.009149203408448601
80.0,retrap_pos,1,0.00637948943191403
80.0,switch_neg,1,0.006580362433333819
80.0,retrap_pos,2,0.006427328110736817
80.0,switch_neg,2,0.006628138866386429
80.0,retrap_neg,1,0.006278162643638361
80.0,switch_pos,1,0.0067965625231959596
80.0,retrap_neg,2,0.006267215075772884
80.0,switch_pos,2,0.006783834763121227
85.0,retrap_pos,1,0.0023609659302386028
85.0,switch_neg,1,0.002524610232516111
85.0,retrap_pos,2,0.0023194793358038094
85.0,switch_neg,2,0.0024756080221624874
85.0,retrap_neg,1,0.002264616665545759
85.0,switch_pos,1,0.00256696251339738
85.0,retrap_neg,2,0.0022942924629899162
85.0,switch_pos,2,0.002598232046492785
88.0,retrap_pos,1,0.00100005
88.0,switch_neg,1,0.00100002
88.0,retrap_neg,1,0.00100002
88.0,switch_pos,1,0.00100005
90.0,retrap_pos,1,0.00100005
90.0,switch_neg,1,0.00100002
90.0,retrap_pos,2,0.00100005
90.0,switch_neg,2,0.00100002
90.0,retrap_neg,1,0.00100002
90.0,switch_pos,1,0.00100005
90.0,retrap_neg,2,0.00100002
90.0,switch_pos,2,0.00100005
95.0,retrap_pos,1,0.00100005
95.0,switch_neg,1,0.00100002
95.0,retrap_neg,1,0.00100002
95.0,switch_pos,1,0.00100005
100.0,retrap_pos,1,0.00100005
100.0,switch_neg,1,0.00100002
100.0,retrap_neg,1,0.00100002
100.0,switch_pos,1,0.00100005
110.0,retrap_pos,1,0.00100005
110.0,switch_neg,1,0.00100002
110.0,retrap_neg,1,0.00100002
110.0,switch_pos,1,0.00100005
