T_K,vth_0.0003,vth_0.0005,vth_0.001,vth_0.002,vth_0.005
2.0,0.03823500744263206,0.04666823367841126,0.06400550091645824,0.06403796795462299,0.06413536906911729
3.0,0.038128765598920616,0.04878696818108089,0.06400548925333592,0.06403820003294906,0.06413633237178851
4.0,0.038091326527047574,0.04937068856267395,0.0640052409776165,0.06403780028403894,0.0641354782033062
5.0,0.037514087725544425,0.04663242973511365,0.06400515247888577,0.06403730128245938,0.06413374769318024
8.0,0.03823491998481054,0.04789543266329813,0.06400515886847488,0.06403779970759076,0.06413572222493835
10.0,0.03826490996015128,0.046482060168238526,0.06393710690320613,0.06404729069625649,0.0641740864530161
15.0,0.03845595831647996,0.04494720177068174,0.06307206869727622,0.0640321649088373,0.06413041919407614
20.0,0.03751591728506058,0.04468225866918635,0.061194897083534594,0.06303296444557187,0.06313721267038723
25.0,0.0374529680215787,0.043556391541645374,0.05912619218321419,0.06202195075651127,0.06213612504198306
30.0,0.03613274461514943,0.04229971712001777,0.05529962009082368,0.05990948109156901,0.06108253523915155
35.0,0.03015941401539506,0.03972576145805621,0.050462613232884895,0.05572031853268233,0.08129582548873089
40.0,0.02927619491668702,0.03433356722851862,0.04311562022463388,0.04907064981372503,0.05499097370935104
45.0,0.018175804836676294,0.025035282612368207,0.03383774474390003,0.04007980861261373,0.04767088482917635
50.0,0.01044652337784622,0.010890031931483272,0.017999598818116812,0.028302472656242694,0.038998928788185734
55.0,0.004643844407391475,0.006497393595490928,0.009798506013747103,0.015186086634933376,0.030334445333872355
60.0,0.006139448991019793,0.007054125619395737,0.010146119866587578,0.013498156589723604,0.026926360994060275
65.0,0.007376707608076301,0.008435673668871928,0.010342082657014081,0.013969292173805364,0.023842671316254345
68.0,0.007121410514839454,0.008130448279026495,0.010266513196683126,0.013379570513027503,0.022145270380401406
70.0,0.006933518468180216,0.008077559561748122,0.010250647060508884,0.012992269182913924,0.021371750020613776
75.0,0.006198994324147746,0.007079513990671694,0.009151581604962787,0.011248853275320544,0.01895861474107364
80.0,0.004393573774757499,0.005226186961391521,0.006790198643158593,0.009353446172194555,0.014422817139204704
85.0,0.00139902496395295,0.0018193478363926208,0.0025825972799450826,0.0037784135205247457,0.006325069270040184
88.0,0.00100005,0.00100005,0.00100005,0.00100005,0.0010498820489130433
90.0,0.00100005,0.00100005,0.00100005,0.00100005,0.00100005
95.0,0.00100005,0.00100005,0.00100005,0.00100005,0.00100005
100.0,0.00100005,0.00100005,0.00100005,0.00100005,0.00100005
110.0,0.00100005,0.00100005,0.00100005,0.00100005,0.00100005
