T_K,I_switch,Vmax_frac,sharp_width,sc_fraction,foot_extent,dR_top
2.0,0.0676756693910986,0.8463336785714285,0.10188652656985195,0.7724280077831869,0.03686914589170228,21.983891861876977
3.0,0.0682383604369904,0.973865,0.1135272310612298,0.7397324897324897,0.047258297258297256,25.36328806040601
4.0,0.06833479424635727,0.9749855000000001,0.1129802705324624,0.744888444888445,0.04635364635364635,25.42672254934678
5.0,0.06792742568820086,0.9738375,0.118937155195405,0.7376512376512377,0.04079254079254079,25.31325372406386
8.0,0.06819158582736289,0.9733674999999998,0.11581992427857585,0.7436598489230067,0.04301400354031933,25.36255087704161
10.0,0.06055096030391714,0.4370515428571428,0.4077199412572799,0.7784626088197516,0.01748251748251748,11.079433682438438
15.0,0.067760516573979,0.9708312499999999,0.12031319461768636,0.7441447441447441,0.05153180153180153,25.16788998123275
20.0,0.06742527064834643,0.9842366666666665,0.13394099539831228,0.7195027195027195,0.07067932067932069,24.958410199294136
25.0,0.06405515298255544,0.8369071178571429,0.28655630524155296,0.7128086966796644,0.07692307692307691,20.882334789926695
30.0,0.0884022497241665,0.30827725,0.1341016154961707,0.5352564102564102,0.254551282051282,6.717442839325096
35.0,0.09491693641815017,0.10449008333333332,0.31250397921288237,0.46,0.27999999999999997,1.3481698157363995
40.0,0.09483328207709817,0.13702316666666667,0.45802222235563156,0.3983333333333334,0.26333333333333336,1.6656325840143038
45.0,0.09361887561152711,0.18142462499999998,0.49534515384230204,0.3010204081632653,0.22704081632653061,1.9478998448467737
50.0,0.08918434386167712,0.15984231249999997,0.5684924286525318,0.13791491351098645,0.25937938288920054,1.4536852070705222
55.0,0.05435213997940545,0.0977795625,1.0291241589191684,0.09146341463414634,0.19817073170731708,0.3217967444343697
60.0,0.04379331818753529,0.07256062499999999,1.0959805197074581,0.10955734406438632,0.12354124748490947,-0.0669743113380222
65.0,0.04321437961627145,0.07999275,1.001550881749933,0.15136968766001024,0.1354326676907322,0.41526603432132625
68.0,0.04234734064393422,0.08482825,0.9472602423560783,0.15319988310929283,0.12755698421975453,0.6737703161212243
70.0,0.04096562679649008,0.0852484375,0.9471217354819966,0.14974937343358397,0.11889097744360902,0.7650101515045508
75.0,0.03764220663915428,0.10047424999999999,0.8146188058446515,0.16145833333333331,0.15625,1.5256789994717972
80.0,0.038704215922886726,0.959051875,0.1431712856607829,0.13414634146341464,0.6951219512195121,33.27862151120142
85.0,0.027133615373612942,0.9590474999999999,0.4724064727913905,0.0625,0.5,36.96935132987963
88.0,0.019865746253376504,0.9664874999999999,0.9663141036562515,0.0,0.25,24.473623894257763
90.0,0.016324620155858845,0.9590299999999999,1.2352430573068853,0.0,0.15384615384615385,20.89197838873725
95.0,0.01252548789363056,0.9495199999999999,1.4753873530149177,0.0,0.08695652173913043,19.076259070115842
100.0,0.010970941351316165,0.93126375,1.539477826528994,0.0,0.09523809523809523,19.16237136814604
110.0,0.010248638821221333,0.9836274999999999,1.5677049237045293,0.0,0.1,20.67290564506465
