T_K,Ir_pred,Ic,IrIc_pred,IrIc_meas
2.0,0.061008,0.06400505222625952,0.9531747553979824,0.9313048903553832
3.0,0.061008,0.06395615505507854,0.9539034975986344,0.9323320388598105
4.0,0.061008,0.06400482197900309,0.9531781842938927,0.9314738571738405
5.0,0.0600093,0.06400475685201468,0.9375756264295705,0.9311608314142884
8.0,0.0590073,0.06400466835165897,0.9219218147619784,0.9294987068922458
10.0,0.0620065,0.0637208124230956,0.9730965071237188,0.9389794213701991
15.0,0.0590074,0.0630382054414812,0.9360577381089469,0.9306895808475931
20.0,0.0590074,0.0613450826478005,0.9618929089847055,0.9314657307514207
25.0,0.0560049,0.059143070438902975,0.9469393385291888,0.924405669163963
30.0,0.0520042,0.055460608342384504,0.9376781386701266,0.9200194731694115
35.0,0.0450059,0.05051095978146097,0.8910125682568896,0.9051445763131599
40.0,0.037005,0.043111081014798325,0.8583640012946475,0.8772135985830363
45.0,0.0260028,0.03370861029676073,0.7713993478544197,0.7908880403038309
50.0,0.0130018,0.016952107662772477,0.7669724767352962,0.7365285448357745
55.0,,0.00942111197706346,,0.8743728808246636
