T_K,Ir_mA,Vr_V,P_uW,Tj_K,dT_K,G_uW_per_K
2.0,0.0605793,0.02671315619047619,1.6472132197414766,21.933117603232077,19.933117603232077,0.08263700904841836
3.0,0.06050811666666667,0.031068421111111105,1.9156989346608893,22.106030887504474,19.106030887504474,0.10026671399938826
4.0,0.06040833999999999,0.03708410533333333,2.2865528381583333,22.345724059863336,18.345724059863336,0.12463682712642778
5.0,0.06050811666666667,0.031141210555555552,1.9201876300652776,22.106030887504474,17.106030887504474,0.11225208481693591
8.0,0.060008000000000006,0.031216618333333338,1.924300762266445,23.27077173948144,15.27077173948144,0.1260120179317008
10.0,0.060630284615384625,0.014921930000000002,0.92404774768559,21.80835572908891,11.808355729088909,0.07825371871286657
15.0,0.05900691666666668,0.008313338333333333,0.5028213702434999,25.233552916493817,10.233552916493817,0.04913458447389108
20.0,0.057506400000000006,0.001055807777777778,0.06180616891261112,27.490468194218654,7.4904681942186535,0.00825130917187724
25.0,0.055003100000000006,0.00105928,0.05935608300485714,30.528482652249004,5.528482652249004,0.010736414806458858
30.0,0.05125335,0.0010689933333333334,0.05590451454408333,34.36661791216485,4.366617912164848,0.012802703526759322
35.0,0.04600705,0.0010816672222222223,0.05089060271122223,38.22649327363317,3.2264932736331673,0.015772728592710582
40.0,0.038002650000000006,0.00108489,0.042362470057333325,42.96346279424951,2.9634627942495086,0.014294922190194577
45.0,0.027001525,0.0011055874999999998,0.0310141125685,47.012675650576284,2.012675650576284,0.015409394235787476
50.0,0.013001100000000002,0.0011456491666666667,0.01610576314091667,52.304894350923995,2.3048943509239948,0.006987636172764331
55.0,0.009000089999999999,0.0014959375,0.015489536981041666,55.0,0.0,
