T_K,direction,scan,n_points,I_min_mA,I_max_mA,V_absmax_V
2.0,forward,1,155,-0.0780003,0.0770026,0.393609
2.0,forward,2,155,-0.0780004,0.0770027,0.393374
2.0,forward,3,155,-0.0780004,0.0770027,0.392821
2.0,reverse,1,164,-0.0652464,0.0670022,0.0800793
2.0,reverse,2,155,-0.0780003,0.0770027,0.393594
2.0,reverse,3,155,-0.0780003,0.0770027,0.393478
2.0,reverse,4,154,-0.0780003,0.0770027,0.393885
3.0,forward,1,155,-0.0780005,0.0770027,0.392795
3.0,forward,2,155,-0.0780004,0.0770028,0.392803
3.0,forward,3,155,-0.0780005,0.0770027,0.393041
3.0,reverse,1,155,-0.0780004,0.0770027,0.393714
3.0,reverse,2,155,-0.0780004,0.0770027,0.393645
3.0,reverse,3,155,-0.0780004,0.0770027,0.393585
4.0,forward,1,155,-0.0780005,0.0770028,0.392709
4.0,forward,2,155,-0.0780005,0.0770028,0.393228
4.0,forward,3,155,-0.0780004,0.0770027,0.393239
4.0,reverse,1,155,-0.0780004,0.0770027,0.393572
4.0,reverse,2,155,-0.0780004,0.0770027,0.393772
5.0,forward,1,155,-0.0780005,0.0770028,0.392614
5.0,forward,2,155,-0.0780005,0.0770027,0.392906
5.0,forward,3,155,-0.0780005,0.0770028,0.393224
5.0,reverse,1,155,-0.0780005,0.0770027,0.393592
5.0,reverse,2,155,-0.0780005,0.0770027,0.393558
5.0,reverse,3,155,-0.0780005,0.0770027,0.393555
8.0,forward,1,155,-0.0780006,0.0770027,0.393002
8.0,forward,2,155,-0.0780005,0.0770027,0.393798
8.0,forward,3,155,-0.0780006,0.0770027,0.39276
8.0,reverse,1,155,-0.0780005,0.0770027,0.393084
8.0,reverse,2,155,-0.0780005,0.0770028,0.393232
8.0,reverse,3,154,-0.0780005,0.0770028,0.393229
10.0,forward,1,111,-0.0640036,0.0620748,0.0100497
10.0,forward,2,155,-0.0780006,0.0770027,0.392362
10.0,forward,3,155,-0.0780006,0.0770029,0.392205
10.0,forward,4,155,-0.0780006,0.0770027,0.392038
10.0,forward,5,132,-0.0634577,0.0640049,0.00993665
10.0,reverse,1,132,-0.0634577,0.0640049,0.00993665
10.0,reverse,2,132,-0.0659656,0.0660034,0.0500114
10.0,reverse,3,132,-0.0654026,0.0660034,0.0800518
10.0,reverse,4,165,-0.0652603,0.0660033,0.0800685
10.0,reverse,5,155,-0.0780005,0.0770027,0.392837
10.0,reverse,6,155,-0.0780007,0.0770028,0.39252
10.0,reverse,7,155,-0.0780006,0.0770027,0.392841
10.0,reverse,8,132,-0.0634557,0.0640049,0.00993987
10.0,reverse,9,132,-0.0634557,0.0640049,0.00993987
15.0,forward,1,155,-0.0780006,0.0770028,0.391874
15.0,forward,2,155,-0.0780006,0.0770028,0.391897
15.0,forward,3,155,-0.0780006,0.0770028,0.391901
15.0,reverse,1,155,-0.0780006,0.0770027,0.391497
15.0,reverse,2,155,-0.0780006,0.0770028,0.391328
15.0,reverse,3,155,-0.0780006,0.0770028,0.391571
20.0,forward,1,156,-0.0780006,0.0780027,0.397565
20.0,forward,2,156,-0.0780005,0.0780027,0.397792
20.0,forward,3,155,-0.0780006,0.0780027,0.397543
20.0,reverse,1,156,-0.0780005,0.0780027,0.397827
20.0,reverse,2,156,-0.0780006,0.0780027,0.397818
20.0,reverse,3,156,-0.0780006,0.0780027,0.397821
25.0,forward,1,156,-0.0780006,0.0780027,0.39416
25.0,forward,2,156,-0.0780007,0.0780027,0.39416
25.0,forward,3,156,-0.0780006,0.0780027,0.394091
25.0,reverse,1,156,-0.0780005,0.0780027,0.394602
25.0,reverse,2,156,-0.0780005,0.0780026,0.394728
25.0,reverse,3,156,-0.0780006,0.0780027,0.394739
25.0,reverse,4,140,-0.0780006,0.0620065,0.385684
30.0,forward,1,178,-0.100001,0.0780027,0.389406
30.0,forward,2,177,-0.100001,0.0770028,0.3735
30.0,forward,3,178,-0.100001,0.0780028,0.389483
30.0,reverse,1,156,-0.0780005,0.0780027,0.390026
35.0,forward,1,178,-0.100001,0.0780028,0.383525
35.0,forward,2,178,-0.100001,0.0780027,0.383774
35.0,forward,3,178,-0.100001,0.0780027,0.383825
35.0,reverse,1,179,-0.0790004,0.100003,0.394873
35.0,reverse,2,179,-0.0790004,0.100003,0.394763
35.0,reverse,3,179,-0.0790003,0.100003,0.394694
40.0,forward,1,200,-0.100001,0.100003,0.0538671
40.0,forward,2,200,-0.100001,0.100003,0.0534489
40.0,forward,3,200,-0.100001,0.100003,0.053295
40.0,reverse,1,200,-0.100001,0.100003,0.0561475
40.0,reverse,2,200,-0.100001,0.100003,0.0561236
40.0,reverse,3,200,-0.100001,0.100003,0.0559735
45.0,forward,1,198,-0.0980001,0.100003,0.0693236
45.0,forward,2,198,-0.0980001,0.100003,0.0694775
45.0,reverse,1,198,-0.100001,0.0980025,0.0783662
45.0,reverse,2,198,-0.100001,0.0980024,0.0731121
50.0,forward,1,162,-0.0929966,0.0690044,0.0686743
50.0,forward,2,162,-0.0929966,0.0690043,0.06814
50.0,reverse,1,161,-0.0690027,0.0920001,0.0591362
50.0,reverse,2,161,-0.0690027,0.0920001,0.0597972
55.0,forward,1,150,-0.0819995,0.0680025,0.0359569
55.0,forward,2,150,-0.0819996,0.0680024,0.0360423
55.0,reverse,1,150,-0.0680009,0.0820005,0.0430585
55.0,reverse,2,150,-0.0680009,0.0820005,0.0413896
60.0,forward,1,130,-0.0700029,0.100003,0.0692257
60.0,forward,2,131,-0.0710044,0.0600094,0.363864
60.0,reverse,1,131,-0.0600067,0.0710045,0.0305563
60.0,reverse,2,131,-0.0600066,0.0710045,0.0287334
65.0,forward,1,115,-0.0620053,0.0530026,0.385219
65.0,forward,2,116,-0.0630038,0.0530026,0.33221
65.0,reverse,1,116,-0.053002,0.0630066,0.0326573
65.0,reverse,2,117,-0.0540016,0.0630065,0.390194
68.0,forward,1,108,-0.058006,0.0500053,0.350588
68.0,forward,2,110,-0.0590064,0.0510037,0.38944
68.0,reverse,1,110,-0.0510031,0.0590073,0.376479
68.0,reverse,2,110,-0.0510031,0.0590073,0.370639
70.0,forward,1,106,-0.0560041,0.0500053,0.396491
70.0,forward,2,107,-0.057004,0.0500053,0.380975
70.0,reverse,1,107,-0.0500047,0.0570065,0.375452
70.0,reverse,2,107,-0.0500046,0.0570066,0.368132
75.0,forward,1,92,-0.048006,0.0440053,0.354293
75.0,forward,2,92,-0.048006,0.0440053,0.355097
75.0,reverse,1,92,-0.0440033,0.0480065,0.352339
75.0,reverse,2,92,-0.0440032,0.0480064,0.350548
80.0,forward,1,78,-0.0410006,0.0370046,0.391647
80.0,forward,2,78,-0.0410006,0.0370047,0.379892
80.0,reverse,1,78,-0.0370028,0.0410025,0.381212
80.0,reverse,2,78,-0.0370028,0.0410025,0.381732
85.0,forward,1,62,-0.0320049,0.0300041,0.389182
85.0,forward,2,62,-0.0320049,0.0300042,0.389887
85.0,reverse,1,62,-0.0300025,0.0320065,0.388883
85.0,reverse,2,62,-0.0300025,0.0320065,0.387734
88.0,forward,1,55,-0.0280004,0.0270017,0.390014
88.0,reverse,1,55,-0.0270001,0.0280037,0.390088
90.0,forward,1,51,-0.0259991,0.0250037,0.383248
90.0,forward,2,51,-0.0259991,0.0250036,0.383392
90.0,reverse,1,51,-0.0250005,0.0260022,0.384019
90.0,reverse,2,51,-0.0250004,0.0260022,0.383789
95.0,forward,1,46,-0.023002,0.0230052,0.387911
95.0,reverse,1,46,-0.023002,0.0230052,0.386847
100.0,forward,1,43,-0.0210049,0.0220066,0.39698
100.0,reverse,1,43,-0.0220035,0.0210064,0.396883
110.0,forward,1,40,-0.0200047,0.0200078,0.396297
110.0,reverse,1,40,-0.0200047,0.0200079,0.395808
