row_id,I,V,sweep_part,monotonic_keep,temp,direction,scan_idx,label
0,-0.007,-1.6365e-05,MXTMN,True,60K,reverse,1,60K_IV_reverse_01_1st_sweep_NTHU
1,-0.0067,-1.58505e-05,MXTMN,True,60K,reverse,1,60K_IV_reverse_01_1st_sweep_NTHU
2,-0.0064,-1.54052e-05,MXTMN,True,60K,reverse,1,60K_IV_reverse_01_1st_sweep_NTHU
3,-0.0061,-1.49407e-05,MXTMN,True,60K,reverse,1,60K_IV_reverse_01_1st_sweep_NTHU
4,-0.0058,-1.4459e-05,MXTMN,True,60K,reverse,1,60K_IV_reverse_01_1st_sweep_NTHU
5,-0.0055,-1.39678e-05,MXTMN,True,60K,reverse,1,60K_IV_reverse_01_1st_sweep_NTHU
6,-0.0052,-1.34498e-05,MXTMN,True,60K,reverse,1,60K_IV_reverse_01_1st_sweep_NTHU
7,-0.0049,-1.29576e-05,MXTMN,True,60K,reverse,1,60K_IV_reverse_01_1st_sweep_NTHU
8,-0.0046,-1.21187e-05,MXTMN,True,60K,reverse,1,60K_IV_reverse_01_1st_sweep_NTHU
9,-0.0043,-1.11788e-05,MXTMN,True,60K,reverse,1,60K_IV_reverse_01_1st_sweep_NTHU
10,-0.004,-1.03065e-05,MXTMN,True,60K,reverse,1,60K_IV_reverse_01_1st_sweep_NTHU
11,-0.0037,-1.87645e-07,MXTMN,True,60K,reverse,1,60K_IV_reverse_01_1st_sweep_NTHU
12,-0.0034,-1.26333e-07,MXTMN,True,60K,reverse,1,60K_IV_reverse_01_1st_sweep_NTHU
13,-0.0031,-1.21597e-07,MXTMN,True,60K,reverse,1,60K_IV_reverse_01_1st_sweep_NTHU
14,-0.0028,-1.55264e-07,MXTMN,True,60K,reverse,1,60K_IV_reverse_01_1st_sweep_NTHU
15,-0.0025,-1.57969e-07,MXTMN,True,60K,reverse,1,60K_IV_reverse_01_1st_sweep_NTHU
16,-0.0022,-1.58491e-07,MXTMN,True,60K,reverse,1,60K_IV_reverse_01_1st_sweep_NTHU
17,-0.0019,-1.60288e-07,MXTMN,True,60K,reverse,1,60K_IV_reverse_01_1st_sweep_NTHU
18,-0.0016,-1.57506e-07,MXTMN,True,60K,reverse,1,60K_IV_reverse_01_1st_sweep_NTHU
19,-0.0013,-1.51748e-07,MXTMN,True,60K,reverse,1,60K_IV_reverse_01_1st_sweep_NTHU
20,-0.001,-1.47614e-07,MXTMN,True,60K,reverse,1,60K_IV_reverse_01_1st_sweep_NTHU
21,-0.0007,-1.38773e-07,MXTMN,True,60K,reverse,1,60K_IV_reverse_01_1st_sweep_NTHU
22,-0.0004,-1.34188e-07,MXTMN,True,60K,reverse,1,60K_IV_reverse_01_1st_sweep_NTHU
23,-0.0001,-1.26741e-07,MNTMX,True,60K,reverse,1,60K_IV_reverse_01_1st_sweep_NTHU
24,0.0002,-1.2828e-07,MNTMX,True,60K,reverse,1,60K_IV_reverse_01_1st_sweep_NTHU
25,0.0005,-1.25101e-07,MNTMX,True,60K,reverse,1,60K_IV_reverse_01_1st_sweep_NTHU
26,0.0008,-1.25425e-07,MNTMX,True,60K,reverse,1,60K_IV_reverse_01_1st_sweep_NTHU
27,0.0011,-1.1834e-07,MNTMX,True,60K,reverse,1,60K_IV_reverse_01_1st_sweep_NTHU
28,0.0014,-1.1373e-07,MNTMX,True,60K,reverse,1,60K_IV_reverse_01_1st_sweep_NTHU
29,0.0017,-1.12697e-07,MNTMX,True,60K,reverse,1,60K_IV_reverse_01_1st_sweep_NTHU
30,0.002,-9.94389e-08,MNTMX,True,60K,reverse,1,60K_IV_reverse_01_1st_sweep_NTHU
31,0.0023,-9.19567e-08,MNTMX,True,60K,reverse,1,60K_IV_reverse_01_1st_sweep_NTHU
32,0.0026,-8.72089e-08,MNTMX,True,60K,reverse,1,60K_IV_reverse_01_1st_sweep_NTHU
33,0.0029,-8.12052e-08,MNTMX,True,60K,reverse,1,60K_IV_reverse_01_1st_sweep_NTHU
34,0.0032,-7.02854e-08,MNTMX,True,60K,reverse,1,60K_IV_reverse_01_1st_sweep_NTHU
35,0.0035,-6.11986e-08,MNTMX,True,60K,reverse,1,60K_IV_reverse_01_1st_sweep_NTHU
36,0.0038,-5.67693e-08,MNTMX,True,60K,reverse,1,60K_IV_reverse_01_1st_sweep_NTHU
37,0.0041,-3.48036e-09,MNTMX,True,60K,reverse,1,60K_IV_reverse_01_1st_sweep_NTHU
38,0.0044,1.20472e-07,MNTMX,True,60K,reverse,1,60K_IV_reverse_01_1st_sweep_NTHU
39,0.0047,2.14375e-07,MNTMX,True,60K,reverse,1,60K_IV_reverse_01_1st_sweep_NTHU
40,0.005,2.91613e-07,MNTMX,True,60K,reverse,1,60K_IV_reverse_01_1st_sweep_NTHU
41,0.0053,3.38104e-07,MNTMX,True,60K,reverse,1,60K_IV_reverse_01_1st_sweep_NTHU
42,0.0056,5.19913e-07,MNTMX,True,60K,reverse,1,60K_IV_reverse_01_1st_sweep_NTHU
43,0.0059,1.4466e-05,MNTMX,True,60K,reverse,1,60K_IV_reverse_01_1st_sweep_NTHU
44,0.0062,1.49506e-05,MNTMX,True,60K,reverse,1,60K_IV_reverse_01_1st_sweep_NTHU
45,0.0065,1.53987e-05,MNTMX,True,60K,reverse,1,60K_IV_reverse_01_1st_sweep_NTHU
46,0.0068,1.57916e-05,MNTMX,True,60K,reverse,1,60K_IV_reverse_01_1st_sweep_NTHU
47,0.0071,1.61655e-05,MNTMX,True,60K,reverse,1,60K_IV_reverse_01_1st_sweep_NTHU
