temp,direction,scan_idx,label,output_csv
100K,forward,1,0.1_-0.1_com0.4,Processed_data/cleaned_iv_data/100K__forward__01__0.1_-0.1_com0.4.csv
100K,reverse,1,-0.1_0.1_com0.4,Processed_data/cleaned_iv_data/100K__reverse__01__-0.1_0.1_com0.4.csv
10K,forward,1,0.1_-0.1,Processed_data/cleaned_iv_data/10K__forward__01__0.1_-0.1.csv
10K,forward,2,0.1_-0.1_com0.4,Processed_data/cleaned_iv_data/10K__forward__02__0.1_-0.1_com0.4.csv
10K,forward,3,0.1_-0.1_com0.4_2,Processed_data/cleaned_iv_data/10K__forward__03__0.1_-0.1_com0.4_2.csv
10K,forward,4,0.1_-0.1_com0.4_3,Processed_data/cleaned_iv_data/10K__forward__04__0.1_-0.1_com0.4_3.csv
10K,forward,5,0.1_-0.1_慢掃(2000ms),Processed_data/cleaned_iv_data/10K__forward__05__0.1_-0.1__2000ms.csv
10K,reverse,1,-0.1_0.1,Processed_data/cleaned_iv_data/10K__reverse__01__-0.1_0.1.csv
10K,reverse,2,-0.1_0.1_-0.2_0.2_com0.05,Processed_data/cleaned_iv_data/10K__reverse__02__-0.1_0.1_-0.2_0.2_com0.05.csv
10K,reverse,3,-0.1_0.1_-0.2_0.2_com0.08,Processed_data/cleaned_iv_data/10K__reverse__03__-0.1_0.1_-0.2_0.2_com0.08.csv
10K,reverse,4,-0.1_0.1_com0.08,Processed_data/cleaned_iv_data/10K__reverse__04__-0.1_0.1_com0.08.csv
10K,reverse,5,-0.1_0.1_com0.4,Processed_data/cleaned_iv_data/10K__reverse__05__-0.1_0.1_com0.4.csv
10K,reverse,6,-0.1_0.1_com0.4_2,Processed_data/cleaned_iv_data/10K__reverse__06__-0.1_0.1_com0.4_2.csv
10K,reverse,7,-0.1_0.1_com0.4_3,Processed_data/cleaned_iv_data/10K__reverse__07__-0.1_0.1_com0.4_3.csv
10K,reverse,8,-0.1_0.1_慢掃(2000ms),Processed_data/cleaned_iv_data/10K__reverse__08__-0.1_0.1__2000ms.csv
10K,reverse,9,-0.1_0.1_慢掃(2000ms)_2,Processed_data/cleaned_iv_data/10K__reverse__09__-0.1_0.1__2000ms__2.csv
110K,forward,1,0.1_-0.1_com0.4,Processed_data/cleaned_iv_data/110K__forward__01__0.1_-0.1_com0.4.csv
110K,reverse,1,-0.1_0.1_com0.4,Processed_data/cleaned_iv_data/110K__reverse__01__-0.1_0.1_com0.4.csv
120K,unspecified,1,0.2_-0.2_com0.4,Processed_data/cleaned_iv_data/120K__unspecified__01__0.2_-0.2_com0.4.csv
15K,forward,1,0.1_-0.1_com0.4,Processed_data/cleaned_iv_data/15K__forward__01__0.1_-0.1_com0.4.csv
15K,forward,2,0.1_-0.1_com0.4_2,Processed_data/cleaned_iv_data/15K__forward__02__0.1_-0.1_com0.4_2.csv
15K,forward,3,0.1_-0.1_com0.4_3,Processed_data/cleaned_iv_data/15K__forward__03__0.1_-0.1_com0.4_3.csv
15K,reverse,1,-0.1_0.1_com0.4,Processed_data/cleaned_iv_data/15K__reverse__01__-0.1_0.1_com0.4.csv
15K,reverse,2,-0.1_0.1_com0.4_2,Processed_data/cleaned_iv_data/15K__reverse__02__-0.1_0.1_com0.4_2.csv
15K,reverse,3,-0.1_0.1_com0.4_3,Processed_data/cleaned_iv_data/15K__reverse__03__-0.1_0.1_com0.4_3.csv
20K,forward,1,0.1_-0.1_com0.4,Processed_data/cleaned_iv_data/20K__forward__01__0.1_-0.1_com0.4.csv
20K,forward,2,0.1_-0.1_com0.4_2,Processed_data/cleaned_iv_data/20K__forward__02__0.1_-0.1_com0.4_2.csv
20K,forward,3,0.1_-0.1_com0.4_3,Processed_data/cleaned_iv_data/20K__forward__03__0.1_-0.1_com0.4_3.csv
20K,reverse,1,-0.1_0.1_com0.4,Processed_data/cleaned_iv_data/20K__reverse__01__-0.1_0.1_com0.4.csv
20K,reverse,2,-0.1_0.1_com0.4_2,Processed_data/cleaned_iv_data/20K__reverse__02__-0.1_0.1_com0.4_2.csv
20K,reverse,3,-0.1_0.1_com0.4_3,Processed_data/cleaned_iv_data/20K__reverse__03__-0.1_0.1_com0.4_3.csv
25K,forward,1,0.1_-0.1_com0.4,Processed_data/cleaned_iv_data/25K__forward__01__0.1_-0.1_com0.4.csv
25K,forward,2,0.1_-0.1_com0.4_2,Processed_data/cleaned_iv_data/25K__forward__02__0.1_-0.1_com0.4_2.csv
25K,forward,3,0.1_-0.1_com0.4_3,Processed_data/cleaned_iv_data/25K__forward__03__0.1_-0.1_com0.4_3.csv
25K,reverse,1,-0.1_0.1_com0.4,Processed_data/cleaned_iv_data/25K__reverse__01__-0.1_0.1_com0.4.csv
25K,reverse,2,-0.1_0.1_com0.4_2,Processed_data/cleaned_iv_data/25K__reverse__02__-0.1_0.1_com0.4_2.csv
25K,reverse,3,-0.1_0.1_com0.4_3,Processed_data/cleaned_iv_data/25K__reverse__03__-0.1_0.1_com0.4_3.csv
25K,reverse,4,Special--0.1_0.1_com0.4_,Processed_data/cleaned_iv_data/25K__reverse__04__Special--0.1_0.1_com0.4.csv
2K,forward,1,0.1_-0.1_com0.4,Processed_data/cleaned_iv_data/2K__forward__01__0.1_-0.1_com0.4.csv
2K,forward,2,0.1_-0.1_com0.4_2,Processed_data/cleaned_iv_data/2K__forward__02__0.1_-0.1_com0.4_2.csv
2K,forward,3,0.1_-0.1_com0.4_3,Processed_data/cleaned_iv_data/2K__forward__03__0.1_-0.1_com0.4_3.csv
2K,reverse,1,-0.1_0.1_com0.08,Processed_data/cleaned_iv_data/2K__reverse__01__-0.1_0.1_com0.08.csv
2K,reverse,2,-0.1_0.1_com0.4,Processed_data/cleaned_iv_data/2K__reverse__02__-0.1_0.1_com0.4.csv
2K,reverse,3,-0.1_0.1_com0.4_2,Processed_data/cleaned_iv_data/2K__reverse__03__-0.1_0.1_com0.4_2.csv
2K,reverse,4,-0.1_0.1_com0.4_3,Processed_data/cleaned_iv_data/2K__reverse__04__-0.1_0.1_com0.4_3.csv
30K,forward,1,Special-0.1_-0.1_com0.4,Processed_data/cleaned_iv_data/30K__forward__01__Special-0.1_-0.1_com0.4.csv
30K,forward,2,Special-0.1_-0.1_com0.4_2,Processed_data/cleaned_iv_data/30K__forward__02__Special-0.1_-0.1_com0.4_2.csv
30K,forward,3,Special-0.1_-0.1_com0.4_3,Processed_data/cleaned_iv_data/30K__forward__03__Special-0.1_-0.1_com0.4_3.csv
30K,reverse,1,-0.1_0.1_com0.4,Processed_data/cleaned_iv_data/30K__reverse__01__-0.1_0.1_com0.4.csv
35K,forward,1,Special-0.1_-0.1_com0.4,Processed_data/cleaned_iv_data/35K__forward__01__Special-0.1_-0.1_com0.4.csv
35K,forward,2,Special-0.1_-0.1_com0.4_2,Processed_data/cleaned_iv_data/35K__forward__02__Special-0.1_-0.1_com0.4_2.csv
35K,forward,3,Special-0.1_-0.1_com0.4_3,Processed_data/cleaned_iv_data/35K__forward__03__Special-0.1_-0.1_com0.4_3.csv
35K,reverse,1,Special--0.1_0.1_com0.4,Processed_data/cleaned_iv_data/35K__reverse__01__Special--0.1_0.1_com0.4.csv
35K,reverse,2,Special--0.1_0.1_com0.4_2,Processed_data/cleaned_iv_data/35K__reverse__02__Special--0.1_0.1_com0.4_2.csv
35K,reverse,3,Special--0.1_0.1_com0.4_3,Processed_data/cleaned_iv_data/35K__reverse__03__Special--0.1_0.1_com0.4_3.csv
3K,forward,1,0.1_-0.1_com0.4,Processed_data/cleaned_iv_data/3K__forward__01__0.1_-0.1_com0.4.csv
3K,forward,2,0.1_-0.1_com0.4_2,Processed_data/cleaned_iv_data/3K__forward__02__0.1_-0.1_com0.4_2.csv
3K,forward,3,0.1_-0.1_com0.4_3,Processed_data/cleaned_iv_data/3K__forward__03__0.1_-0.1_com0.4_3.csv
3K,reverse,1,-0.1_0.1_com0.4,Processed_data/cleaned_iv_data/3K__reverse__01__-0.1_0.1_com0.4.csv
3K,reverse,2,-0.1_0.1_com0.4_2,Processed_data/cleaned_iv_data/3K__reverse__02__-0.1_0.1_com0.4_2.csv
3K,reverse,3,-0.1_0.1_com0.4_3,Processed_data/cleaned_iv_data/3K__reverse__03__-0.1_0.1_com0.4_3.csv
40K,forward,1,0.1_-0.1_com0.4,Processed_data/cleaned_iv_data/40K__forward__01__0.1_-0.1_com0.4.csv
40K,forward,2,0.1_-0.1_com0.4_2,Processed_data/cleaned_iv_data/40K__forward__02__0.1_-0.1_com0.4_2.csv
40K,forward,3,0.1_-0.1_com0.4_3,Processed_data/cleaned_iv_data/40K__forward__03__0.1_-0.1_com0.4_3.csv
40K,reverse,1,-0.1_0.1_com0.4,Processed_data/cleaned_iv_data/40K__reverse__01__-0.1_0.1_com0.4.csv
40K,reverse,2,-0.1_0.1_com0.4_2,Processed_data/cleaned_iv_data/40K__reverse__02__-0.1_0.1_com0.4_2.csv
40K,reverse,3,-0.1_0.1_com0.4_3,Processed_data/cleaned_iv_data/40K__reverse__03__-0.1_0.1_com0.4_3.csv
45K,forward,1,0.1_-0.1_com0.4,Processed_data/cleaned_iv_data/45K__forward__01__0.1_-0.1_com0.4.csv
45K,forward,2,0.1_-0.1_com0.4_2,Processed_data/cleaned_iv_data/45K__forward__02__0.1_-0.1_com0.4_2.csv
45K,reverse,1,-0.1_0.1_com0.4,Processed_data/cleaned_iv_data/45K__reverse__01__-0.1_0.1_com0.4.csv
45K,reverse,2,-0.1_0.1_com0.4_2,Processed_data/cleaned_iv_data/45K__reverse__02__-0.1_0.1_com0.4_2.csv
4K,forward,1,0.1_-0.1_com0.4,Processed_data/cleaned_iv_data/4K__forward__01__0.1_-0.1_com0.4.csv
4K,forward,2,0.1_-0.1_com0.4_2,Processed_data/cleaned_iv_data/4K__forward__02__0.1_-0.1_com0.4_2.csv
4K,forward,3,0.1_-0.1_com0.4_3,Processed_data/cleaned_iv_data/4K__forward__03__0.1_-0.1_com0.4_3.csv
4K,reverse,1,-0.1_0.1_com0.4,Processed_data/cleaned_iv_data/4K__reverse__01__-0.1_0.1_com0.4.csv
4K,reverse,2,-0.1_0.1_com0.4_2,Processed_data/cleaned_iv_data/4K__reverse__02__-0.1_0.1_com0.4_2.csv
50K,forward,1,0.1_-0.1_com0.4,Processed_data/cleaned_iv_data/50K__forward__01__0.1_-0.1_com0.4.csv
50K,forward,2,0.1_-0.1_com0.4_2,Processed_data/cleaned_iv_data/50K__forward__02__0.1_-0.1_com0.4_2.csv
50K,reverse,1,-0.1_0.1_com0.4,Processed_data/cleaned_iv_data/50K__reverse__01__-0.1_0.1_com0.4.csv
50K,reverse,2,-0.1_0.1_com0.4_2,Processed_data/cleaned_iv_data/50K__reverse__02__-0.1_0.1_com0.4_2.csv
55K,forward,1,0.1_-0.1_com0.4,Processed_data/cleaned_iv_data/55K__forward__01__0.1_-0.1_com0.4.csv
55K,forward,2,0.1_-0.1_com0.4_2,Processed_data/cleaned_iv_data/55K__forward__02__0.1_-0.1_com0.4_2.csv
55K,reverse,1,-0.1_0.1_com0.4,Processed_data/cleaned_iv_data/55K__reverse__01__-0.1_0.1_com0.4.csv
55K,reverse,2,-0.1_0.1_com0.4_2,Processed_data/cleaned_iv_data/55K__reverse__02__-0.1_0.1_com0.4_2.csv
5K,forward,1,0.1_-0.1_com0.4,Processed_data/cleaned_iv_data/5K__forward__01__0.1_-0.1_com0.4.csv
5K,forward,2,0.1_-0.1_com0.4_2,Processed_data/cleaned_iv_data/5K__forward__02__0.1_-0.1_com0.4_2.csv
5K,forward,3,0.1_-0.1_com0.4_3,Processed_data/cleaned_iv_data/5K__forward__03__0.1_-0.1_com0.4_3.csv
5K,reverse,1,-0.1_0.1_com0.4,Processed_data/cleaned_iv_data/5K__reverse__01__-0.1_0.1_com0.4.csv
5K,reverse,2,-0.1_0.1_com0.4_2,Processed_data/cleaned_iv_data/5K__reverse__02__-0.1_0.1_com0.4_2.csv
5K,reverse,3,-0.1_0.1_com0.4_3,Processed_data/cleaned_iv_data/5K__reverse__03__-0.1_0.1_com0.4_3.csv
60K,forward,1,0.1_-0.1_com0.4,Processed_data/cleaned_iv_data/60K__forward__01__0.1_-0.1_com0.4.csv
60K,forward,2,0.1_-0.1_com0.4_2,Processed_data/cleaned_iv_data/60K__forward__02__0.1_-0.1_com0.4_2.csv
60K,reverse,1,-0.1_0.1_com0.4,Processed_data/cleaned_iv_data/60K__reverse__01__-0.1_0.1_com0.4.csv
60K,reverse,2,-0.1_0.1_com0.4_2,Processed_data/cleaned_iv_data/60K__reverse__02__-0.1_0.1_com0.4_2.csv
65K,forward,1,0.1_-0.1_com0.4,Processed_data/cleaned_iv_data/65K__forward__01__0.1_-0.1_com0.4.csv
65K,forward,2,0.1_-0.1_com0.4_2,Processed_data/cleaned_iv_data/65K__forward__02__0.1_-0.1_com0.4_2.csv
65K,reverse,1,-0.1_0.1_com0.4,Processed_data/cleaned_iv_data/65K__reverse__01__-0.1_0.1_com0.4.csv
65K,reverse,2,-0.1_0.1_com0.4_2,Processed_data/cleaned_iv_data/65K__reverse__02__-0.1_0.1_com0.4_2.csv
68K,forward,1,0.1_-0.1_com0.4,Processed_data/cleaned_iv_data/68K__forward__01__0.1_-0.1_com0.4.csv
68K,forward,2,0.1_-0.1_com0.4_2,Processed_data/cleaned_iv_data/68K__forward__02__0.1_-0.1_com0.4_2.csv
68K,reverse,1,-0.1_0.1_com0.4,Processed_data/cleaned_iv_data/68K__reverse__01__-0.1_0.1_com0.4.csv
68K,reverse,2,-0.1_0.1_com0.4_2,Processed_data/cleaned_iv_data/68K__reverse__02__-0.1_0.1_com0.4_2.csv
70K,forward,1,0.1_-0.1_com0.4,Processed_data/cleaned_iv_data/70K__forward__01__0.1_-0.1_com0.4.csv
70K,forward,2,0.1_-0.1_com0.4_2,Processed_data/cleaned_iv_data/70K__forward__02__0.1_-0.1_com0.4_2.csv
70K,reverse,1,-0.1_0.1_com0.4,Processed_data/cleaned_iv_data/70K__reverse__01__-0.1_0.1_com0.4.csv
70K,reverse,2,-0.1_0.1_com0.4_2,Processed_data/cleaned_iv_data/70K__reverse__02__-0.1_0.1_com0.4_2.csv
75K,forward,1,0.1_-0.1_com0.4,Processed_data/cleaned_iv_data/75K__forward__01__0.1_-0.1_com0.4.csv
75K,forward,2,0.1_-0.1_com0.4_2,Processed_data/cleaned_iv_data/75K__forward__02__0.1_-0.1_com0.4_2.csv
75K,reverse,1,-0.1_0.1_com0.4,Processed_data/cleaned_iv_data/75K__reverse__01__-0.1_0.1_com0.4.csv
75K,reverse,2,-0.1_0.1_com0.4_2,Processed_data/cleaned_iv_data/75K__reverse__02__-0.1_0.1_com0.4_2.csv
80K,forward,1,0.1_-0.1_com0.4,Processed_data/cleaned_iv_data/80K__forward__01__0.1_-0.1_com0.4.csv
80K,forward,2,0.1_-0.1_com0.4_2,Processed_data/cleaned_iv_data/80K__forward__02__0.1_-0.1_com0.4_2.csv
80K,reverse,1,-0.1_0.1_com0.4,Processed_data/cleaned_iv_data/80K__reverse__01__-0.1_0.1_com0.4.csv
80K,reverse,2,-0.1_0.1_com0.4_2,Processed_data/cleaned_iv_data/80K__reverse__02__-0.1_0.1_com0.4_2.csv
85K,forward,1,0.1_-0.1_com0.4,Processed_data/cleaned_iv_data/85K__forward__01__0.1_-0.1_com0.4.csv
85K,forward,2,0.1_-0.1_com0.4_2,Processed_data/cleaned_iv_data/85K__forward__02__0.1_-0.1_com0.4_2.csv
85K,reverse,1,-0.1_0.1_com0.4,Processed_data/cleaned_iv_data/85K__reverse__01__-0.1_0.1_com0.4.csv
85K,reverse,2,-0.1_0.1_com0.4_2,Processed_data/cleaned_iv_data/85K__reverse__02__-0.1_0.1_com0.4_2.csv
88K,forward,1,0.1_-0.1_com0.4,Processed_data/cleaned_iv_data/88K__forward__01__0.1_-0.1_com0.4.csv
88K,reverse,1,-0.1_0.1_com0.4,Processed_data/cleaned_iv_data/88K__reverse__01__-0.1_0.1_com0.4.csv
8K,forward,1,0.1_-0.1_com0.4,Processed_data/cleaned_iv_data/8K__forward__01__0.1_-0.1_com0.4.csv
8K,forward,2,0.1_-0.1_com0.4_2,Processed_data/cleaned_iv_data/8K__forward__02__0.1_-0.1_com0.4_2.csv
8K,forward,3,0.1_-0.1_com0.4_3,Processed_data/cleaned_iv_data/8K__forward__03__0.1_-0.1_com0.4_3.csv
8K,reverse,1,-0.1_0.1_com0.4,Processed_data/cleaned_iv_data/8K__reverse__01__-0.1_0.1_com0.4.csv
8K,reverse,2,-0.1_0.1_com0.4_2,Processed_data/cleaned_iv_data/8K__reverse__02__-0.1_0.1_com0.4_2.csv
8K,reverse,3,-0.1_0.1_com0.4_3,Processed_data/cleaned_iv_data/8K__reverse__03__-0.1_0.1_com0.4_3.csv
90K,forward,1,0.1_-0.1_com0.4,Processed_data/cleaned_iv_data/90K__forward__01__0.1_-0.1_com0.4.csv
90K,forward,2,0.1_-0.1_com0.4_2,Processed_data/cleaned_iv_data/90K__forward__02__0.1_-0.1_com0.4_2.csv
90K,reverse,1,-0.1_0.1_com0.4,Processed_data/cleaned_iv_data/90K__reverse__01__-0.1_0.1_com0.4.csv
90K,reverse,2,-0.1_0.1_com0.4_2,Processed_data/cleaned_iv_data/90K__reverse__02__-0.1_0.1_com0.4_2.csv
95K,forward,1,0.1_-0.1_com0.4,Processed_data/cleaned_iv_data/95K__forward__01__0.1_-0.1_com0.4.csv
95K,reverse,1,-0.1_0.1_com0.4,Processed_data/cleaned_iv_data/95K__reverse__01__-0.1_0.1_com0.4.csv
