file,rows_before,rows_after
100K__forward__01__0.1_-0.1_com0.4.csv,200,43
100K__reverse__01__-0.1_0.1_com0.4.csv,200,43
10K__forward__01__0.1_-0.1.csv,112,111
10K__forward__02__0.1_-0.1_com0.4.csv,201,155
10K__forward__03__0.1_-0.1_com0.4_2.csv,201,155
10K__forward__04__0.1_-0.1_com0.4_3.csv,201,155
10K__forward__05__0.1_-0.1__2000ms.csv,133,132
10K__reverse__01__-0.1_0.1.csv,133,132
10K__reverse__02__-0.1_0.1_-0.2_0.2_com0.05.csv,133,132
10K__reverse__03__-0.1_0.1_-0.2_0.2_com0.08.csv,133,132
10K__reverse__04__-0.1_0.1_com0.08.csv,166,165
10K__reverse__05__-0.1_0.1_com0.4.csv,201,155
10K__reverse__06__-0.1_0.1_com0.4_2.csv,201,155
10K__reverse__07__-0.1_0.1_com0.4_3.csv,201,155
10K__reverse__08__-0.1_0.1__2000ms.csv,133,132
10K__reverse__09__-0.1_0.1__2000ms__2.csv,133,132
110K__forward__01__0.1_-0.1_com0.4.csv,201,40
110K__reverse__01__-0.1_0.1_com0.4.csv,201,40
120K__unspecified__01__0.2_-0.2_com0.4.csv,21,0
15K__forward__01__0.1_-0.1_com0.4.csv,201,155
15K__forward__02__0.1_-0.1_com0.4_2.csv,201,155
15K__forward__03__0.1_-0.1_com0.4_3.csv,201,155
15K__reverse__01__-0.1_0.1_com0.4.csv,201,155
15K__reverse__02__-0.1_0.1_com0.4_2.csv,201,155
15K__reverse__03__-0.1_0.1_com0.4_3.csv,201,155
20K__forward__01__0.1_-0.1_com0.4.csv,201,156
20K__forward__02__0.1_-0.1_com0.4_2.csv,201,156
20K__forward__03__0.1_-0.1_com0.4_3.csv,200,155
20K__reverse__01__-0.1_0.1_com0.4.csv,201,156
20K__reverse__02__-0.1_0.1_com0.4_2.csv,201,156
20K__reverse__03__-0.1_0.1_com0.4_3.csv,201,156
25K__forward__01__0.1_-0.1_com0.4.csv,180,156
25K__forward__02__0.1_-0.1_com0.4_2.csv,180,156
25K__forward__03__0.1_-0.1_com0.4_3.csv,180,156
25K__reverse__01__-0.1_0.1_com0.4.csv,180,156
25K__reverse__02__-0.1_0.1_com0.4_2.csv,180,156
25K__reverse__03__-0.1_0.1_com0.4_3.csv,180,156
25K__reverse__04__Special--0.1_0.1_com0.4.csv,163,140
2K__forward__01__0.1_-0.1_com0.4.csv,201,155
2K__forward__02__0.1_-0.1_com0.4_2.csv,201,155
2K__forward__03__0.1_-0.1_com0.4_3.csv,201,155
2K__reverse__01__-0.1_0.1_com0.08.csv,165,164
2K__reverse__02__-0.1_0.1_com0.4.csv,201,155
2K__reverse__03__-0.1_0.1_com0.4_2.csv,201,155
2K__reverse__04__-0.1_0.1_com0.4_3.csv,200,154
30K__forward__01__Special-0.1_-0.1_com0.4.csv,180,178
30K__forward__02__Special-0.1_-0.1_com0.4_2.csv,178,177
30K__forward__03__Special-0.1_-0.1_com0.4_3.csv,180,178
30K__reverse__01__-0.1_0.1_com0.4.csv,180,156
35K__forward__01__Special-0.1_-0.1_com0.4.csv,180,178
35K__forward__02__Special-0.1_-0.1_com0.4_2.csv,180,178
35K__forward__03__Special-0.1_-0.1_com0.4_3.csv,180,178
35K__reverse__01__Special--0.1_0.1_com0.4.csv,181,179
35K__reverse__02__Special--0.1_0.1_com0.4_2.csv,181,179
35K__reverse__03__Special--0.1_0.1_com0.4_3.csv,181,179
3K__forward__01__0.1_-0.1_com0.4.csv,201,155
3K__forward__02__0.1_-0.1_com0.4_2.csv,201,155
3K__forward__03__0.1_-0.1_com0.4_3.csv,201,155
3K__reverse__01__-0.1_0.1_com0.4.csv,201,155
3K__reverse__02__-0.1_0.1_com0.4_2.csv,201,155
3K__reverse__03__-0.1_0.1_com0.4_3.csv,201,155
40K__forward__01__0.1_-0.1_com0.4.csv,201,200
40K__forward__02__0.1_-0.1_com0.4_2.csv,201,200
40K__forward__03__0.1_-0.1_com0.4_3.csv,201,200
40K__reverse__01__-0.1_0.1_com0.4.csv,201,200
40K__reverse__02__-0.1_0.1_com0.4_2.csv,201,200
40K__reverse__03__-0.1_0.1_com0.4_3.csv,201,200
45K__forward__01__0.1_-0.1_com0.4.csv,199,198
45K__forward__02__0.1_-0.1_com0.4_2.csv,199,198
45K__reverse__01__-0.1_0.1_com0.4.csv,199,198
45K__reverse__02__-0.1_0.1_com0.4_2.csv,199,198
4K__forward__01__0.1_-0.1_com0.4.csv,201,155
4K__forward__02__0.1_-0.1_com0.4_2.csv,201,155
4K__forward__03__0.1_-0.1_com0.4_3.csv,201,155
4K__reverse__01__-0.1_0.1_com0.4.csv,201,155
4K__reverse__02__-0.1_0.1_com0.4_2.csv,201,155
50K__forward__01__0.1_-0.1_com0.4.csv,164,162
50K__forward__02__0.1_-0.1_com0.4_2.csv,164,162
50K__reverse__01__-0.1_0.1_com0.4.csv,162,161
50K__reverse__02__-0.1_0.1_com0.4_2.csv,162,161
55K__forward__01__0.1_-0.1_com0.4.csv,151,150
55K__forward__02__0.1_-0.1_com0.4_2.csv,152,150
55K__reverse__01__-0.1_0.1_com0.4.csv,182,150
55K__reverse__02__-0.1_0.1_com0.4_2.csv,152,150
5K__forward__01__0.1_-0.1_com0.4.csv,201,155
5K__forward__02__0.1_-0.1_com0.4_2.csv,201,155
5K__forward__03__0.1_-0.1_com0.4_3.csv,201,155
5K__reverse__01__-0.1_0.1_com0.4.csv,201,155
5K__reverse__02__-0.1_0.1_com0.4_2.csv,201,155
5K__reverse__03__-0.1_0.1_com0.4_3.csv,201,155
60K__forward__01__0.1_-0.1_com0.4.csv,171,130
60K__forward__02__0.1_-0.1_com0.4_2.csv,172,131
60K__reverse__01__-0.1_0.1_com0.4.csv,172,131
60K__reverse__02__-0.1_0.1_com0.4_2.csv,172,131
65K__forward__01__0.1_-0.1_com0.4.csv,163,115
65K__forward__02__0.1_-0.1_com0.4_2.csv,164,116
65K__reverse__01__-0.1_0.1_com0.4.csv,164,116
65K__reverse__02__-0.1_0.1_com0.4_2.csv,164,117
68K__forward__01__0.1_-0.1_com0.4.csv,159,108
68K__forward__02__0.1_-0.1_com0.4_2.csv,160,110
68K__reverse__01__-0.1_0.1_com0.4.csv,160,110
68K__reverse__02__-0.1_0.1_com0.4_2.csv,160,110
70K__forward__01__0.1_-0.1_com0.4.csv,157,106
70K__forward__02__0.1_-0.1_com0.4_2.csv,158,107
70K__reverse__01__-0.1_0.1_com0.4.csv,158,107
70K__reverse__02__-0.1_0.1_com0.4_2.csv,158,107
75K__forward__01__0.1_-0.1_com0.4.csv,150,92
75K__forward__02__0.1_-0.1_com0.4_2.csv,150,92
75K__reverse__01__-0.1_0.1_com0.4.csv,150,92
75K__reverse__02__-0.1_0.1_com0.4_2.csv,150,92
80K__forward__01__0.1_-0.1_com0.4.csv,142,78
80K__forward__02__0.1_-0.1_com0.4_2.csv,142,78
80K__reverse__01__-0.1_0.1_com0.4.csv,142,78
80K__reverse__02__-0.1_0.1_com0.4_2.csv,142,78
85K__forward__01__0.1_-0.1_com0.4.csv,134,62
85K__forward__02__0.1_-0.1_com0.4_2.csv,134,62
85K__reverse__01__-0.1_0.1_com0.4.csv,134,62
85K__reverse__02__-0.1_0.1_com0.4_2.csv,134,62
88K__forward__01__0.1_-0.1_com0.4.csv,201,55
88K__reverse__01__-0.1_0.1_com0.4.csv,130,55
8K__forward__01__0.1_-0.1_com0.4.csv,201,155
8K__forward__02__0.1_-0.1_com0.4_2.csv,201,155
8K__forward__03__0.1_-0.1_com0.4_3.csv,201,155
8K__reverse__01__-0.1_0.1_com0.4.csv,201,155
8K__reverse__02__-0.1_0.1_com0.4_2.csv,201,155
8K__reverse__03__-0.1_0.1_com0.4_3.csv,200,154
90K__forward__01__0.1_-0.1_com0.4.csv,201,51
90K__forward__02__0.1_-0.1_com0.4_2.csv,201,51
90K__reverse__01__-0.1_0.1_com0.4.csv,201,51
90K__reverse__02__-0.1_0.1_com0.4_2.csv,201,51
95K__forward__01__0.1_-0.1_com0.4.csv,201,46
95K__reverse__01__-0.1_0.1_com0.4.csv,201,46
