T_K,alpha,alpha_se,intercept,R2,dyn_range,n_pts,z_runs,p_runs
2.0,4.262823829917014,0.10304184259919999,3.074621869178494,0.6394495393730226,0.8920924869128546,967,-28.731816916345156,0.0
3.0,4.301258035469825,0.1122168419258077,3.1370401652831186,0.6417930790547405,0.8920930436974397,822,-26.314800961229064,0.0
4.0,4.292622625667208,0.12251039893718137,3.1370086381738314,0.6425432212415566,0.8920930436974397,685,-24.126909471565362,0.0
5.0,4.285821264993834,0.11166013977040402,3.1275045164034174,0.642706657543663,0.8920930436974397,821,-26.22607352885355,0.0
8.0,4.279563268089191,0.11296181057645299,3.1098462224170524,0.6366905509399874,0.8920936004813109,821,-26.22607352885355,0.0
10.0,4.1571859646462075,0.06879661940199665,2.931552255486641,0.6680965314873549,0.8920941572644685,1816,-38.072600205462926,0.0
15.0,4.350637408909214,0.11209940852475661,3.2223214964326545,0.6475024351724692,0.8920936004813109,822,-26.035598829014432,0.0
20.0,4.442277952729873,0.11020491387407585,3.396413927997859,0.663242767018914,0.892105292777718,827,-26.61777067401736,0.0
25.0,4.3907299747676065,0.10044204280285467,3.363244230058803,0.6684061895453364,0.892105292777718,950,-28.566024678520144,0.0
30.0,3.1644089917481932,0.1115905614314235,1.4681506788235268,0.5666381751718251,1.0,617,-23.328601625898674,0.0
35.0,3.1036597300855786,0.07543379070368982,1.4393563875445152,0.6378834444751309,1.0000086857159238,963,-27.050421763515633,0.0
40.0,2.709566227595503,0.02234305433743069,0.9468228562988981,0.9309981317306746,1.0000086857159238,1092,-28.700941566069034,0.0
45.0,2.523535012226933,0.02329767644128701,0.9730857856735495,0.942331994566631,1.0000086857159238,720,-24.017170557429296,0.0
50.0,1.902891835396603,0.024384312051852073,0.4314452382993923,0.9141380722000295,0.9684627279079192,574,-21.054934118274627,0.0
55.0,1.3903035514357507,0.018223430026264156,-0.08494586147486105,0.9171194488701587,0.9138121575896234,528,-19.602343174552924,0.0
60.0,1.5724165579560905,0.01938388588479187,0.253158558956617,0.9361255860547645,1.0000086857159238,451,-17.48913255496033,0.0
65.0,1.8335910937479123,0.027927130204769772,0.7191540022057707,0.9170344325655244,0.7993817016645921,392,-17.093450629459483,0.0
68.0,1.9788157896109886,0.04044854336378982,1.0048679455411542,0.8679888620767873,0.7709014001360273,366,-17.587109804446108,0.0
70.0,2.0502407468965678,0.04615994934766909,1.150862991423803,0.848223085511746,0.7559207965677581,355,-16.3169111324403,0.0
75.0,2.29592211546028,0.06082209424294694,1.7026828857061362,0.8289627246278854,0.681295701181958,296,-15.487207740700182,0.0
80.0,3.1543148718802456,0.0957663466895078,3.4972486581037763,0.8200903658819577,0.6128059943601527,240,-13.454519301552706,0.0
85.0,3.072099810982261,0.07925075053234922,4.168412674611645,0.8962229259056356,0.505233842505207,176,-12.246248865888136,0.0
88.0,1.7674530125916175,0.04569544914974629,2.344149129402574,0.9540834745662655,0.44721107354136125,74,-7.725440597948601,1.1102230246251565e-14
90.0,1.3643547293573985,0.015971250673681287,1.7505089542302579,0.9824975803437503,0.415005751487701,132,-10.135262360863834,0.0
95.0,1.1170404821636413,0.007972461698022359,1.4107265715615676,0.9972568607734038,0.3618216703142598,56,-6.743113280939059,1.550293227126076e-11
100.0,1.0648107457707923,0.005004082960198537,1.3590895636082538,0.9989410261431138,0.34254860670432885,50,-5.715476066494082,1.093973178711849e-08
110.0,1.0350296418974616,0.0030430734579084216,1.3535205043516854,0.9996370799645771,0.30119716518974937,44,-5.796513357145578,6.770779492626389e-09
