T,a_full,r2_full,z_full,n_full,a_win,r2_win,z_win,n_win
2.0,4.262823829917017,0.6394495393730226,-28.796165964920437,967,7.825864273167436,0.5603378808714201,-21.3401715585645,561
3.0,4.301258035469824,0.6417930790547407,-26.314800961229064,822,7.675887619044578,0.5509747481696152,-18.961412249636673,464
4.0,4.292622625667208,0.6425432212415564,-24.203381627795654,685,7.780814080609709,0.5596382730145641,-17.514765057478876,389
5.0,4.28582126499383,0.6427066575436629,-26.29591671411131,821,7.693807423989281,0.5556047821239265,-19.275865082630737,469
8.0,4.2795632680891895,0.6366905509399872,-26.29591671411131,821,7.502902062509158,0.5469767150687483,-19.435326720372696,468
10.0,4.157185964646212,0.668096531487355,-38.260381472576874,1816,7.634820813184579,0.6044834733690784,-31.695126137946378,1243
15.0,4.350637408909215,0.6475024351724692,-26.035598829014432,822,7.655318254043173,0.5621526868068005,-19.46076641255023,469
20.0,4.442277952729874,0.6632427670189143,-26.687359726951232,827,7.679821290463645,0.5869454748181653,-19.58754464374145,474
25.0,4.39072997476761,0.6684061895453368,-28.566024678520144,950,7.455598735855924,0.6058139743578155,-21.331978826399713,557
30.0,3.164408991748189,0.5666381751718252,-23.409184240502665,617,3.5304065829265023,0.3626918374611291,-18.03274748742922,422
35.0,3.1036597300855777,0.6378834444751311,-27.179421394295574,963,3.492354055603953,0.506335913817441,-23.71553070761521,727
40.0,2.7095662275955035,0.9309981317306748,-28.700941566069034,1092,3.0081371641445718,0.9251195112772111,-27.578827381620542,942
45.0,2.523535012226934,0.9423319945666311,-24.017170557429296,720,2.554004006434481,0.9277589803061325,-24.274464253347446,681
50.0,1.9028918353966031,0.9141380722000289,-21.054934118274627,574,1.834409699546245,0.915785961965628,-21.54003562791891,566
55.0,1.3903035514357505,0.9171194488701587,-19.602343174552924,528,1.3956982064962613,0.9503959756984072,-20.482258759117183,578
60.0,1.5724165579560905,0.9361255860547646,-17.48913255496033,451,1.6085451566204922,0.9721597857960859,-17.772747199150178,485
65.0,1.833591093747911,0.9170344325655246,-17.093450629459483,392,1.8709290399397065,0.982885556619046,-17.938809647499546,415
68.0,1.978815789610986,0.8679888620767875,-17.587109804446108,366,1.9885986139241516,0.9642879105023457,-18.143501217850474,386
70.0,2.050240746896568,0.8482230855117459,-16.423211203129874,355,2.0418988138182126,0.9557397386018962,-17.425903802747776,375
75.0,2.295922115460281,0.828962724627885,-15.487207740700182,296,2.2386283512410707,0.9219647308317985,-15.40489254378992,322
80.0,3.1543148718802465,0.8200903658819579,-13.454519301552706,240,2.573357022474616,0.9021693413926971,-14.443066747907187,268
85.0,3.0720998109822606,0.8962229259056356,-12.246248865888136,176,2.2445142210064697,0.9458315251005972,-12.391850204165632,212
88.0,1.7674530125916175,0.9540834745662654,-7.725440597948601,74,1.3301241070665686,0.975486454128808,-7.967445841467325,92
90.0,1.364354729357398,0.9824975803437503,-10.135262360863834,132,1.1334084352604763,0.9932310724961766,-10.524184644005112,168
95.0,1.1170404821636408,0.9972568607734039,-6.743113280939059,56,1.030411281517485,0.9994266347369225,-6.646636576327743,72
100.0,1.064810745770791,0.9989410261431139,-5.715476066494082,50,1.0122917827860503,0.9998768296413633,-6.2024707931109155,66
110.0,1.035029641897463,0.9996370799645767,-5.796513357145578,44,1.0054422435638732,0.9999686832194419,-5.729135057384066,60
