T,direction,Icp,Icn,eta,eta_sd,nsc
2.0,forward,0.06000930000000001,0.06500186666666667,-0.03993696563093377,4.433946293958528e-07,3
2.0,reverse,0.06500325,0.0610068,0.03171532746777569,4.4364669036777873e-07,4
3.0,forward,0.06000933333333333,0.0646691,-0.037360525668221144,0.004462247907568396,3
3.0,reverse,0.0650032,0.0610069,0.031714124502718384,0.0,3
4.0,forward,0.06000933333333333,0.0650019,-0.039936944333417136,4.80283010274383e-07,3
4.0,reverse,0.0650032,0.06100685,0.031714533880594954,5.789477451809886e-07,2
5.0,forward,0.06000930000000001,0.065002,-0.03993798960573967,0.0,3
5.0,reverse,0.06500323333333334,0.06100693333333334,0.03171410772411662,7.937195694411574e-07,3
8.0,forward,0.06000930000000001,0.06500203333333333,-0.03993824559892916,4.433932105994296e-07,3
8.0,reverse,0.0650032,0.0600067,0.03996883446790051,7.679641096919445e-07,3
10.0,forward,0.060250575,0.06453677499999999,-0.04273913733650523,0.004851785589790554,5
10.0,reverse,0.06517025,0.06079904444444444,0.041221522871865625,0.005770997209678603,9
15.0,forward,0.059007333333333335,0.06400366666666667,-0.04061696379456577,9.386969770307e-07,3
15.0,reverse,0.0640048,0.059006499999999996,0.04063285242900447,0.0,3
20.0,forward,0.05700666666666667,0.06200540000000001,-0.042001903448609344,5.054951693719796e-07,3
20.0,reverse,0.06200646666666667,0.05800613333333333,0.033332611186951924,4.818757742566706e-07,3
25.0,forward,0.05500443333333333,0.0600068,-0.043494591977712556,5.238285787248554e-07,3
25.0,reverse,0.060009325,0.0550021,0.043536761673759014,4.158120910507934e-07,4
30.0,forward,0.05100383333333333,0.05600416666666667,-0.04672859350082464,5.413035958337289e-07,3
30.0,reverse,0.0560049,0.0520019,0.03706248125118054,,1
35.0,forward,0.046008,0.05100333333333334,-0.05149226550827332,5.644917854809824e-07,3
35.0,reverse,0.05100383333333333,0.0460061,0.05151774835406827,5.644847659510737e-07,3
40.0,forward,0.0380035,0.0440036,-0.07316561614787005,0.0,3
40.0,reverse,0.04367216666666667,0.0380018,0.06939571722990273,0.006606360635607383,3
45.0,forward,0.02700225,0.0340047,-0.11478118476740243,1.292097597546293e-06,2
45.0,reverse,0.0345072,0.0270008,0.12198155148841915,0.01007972304465926,2
50.0,forward,0.0130018,0.016503,-0.11841226284935921,0.02112797467361657,2
50.0,reverse,0.0185068,0.0130004,0.17455835911074213,0.01853255293708242,2
55.0,forward,0.0100004,0.0100001,1.4999625009372423e-05,0.0,2
55.0,reverse,0.0100004,0.00799978,0.11114444411111445,0.0,2
60.0,forward,0.01100475,0.0100001,0.047829429864372885,3.2053847896893104e-06,2
60.0,reverse,0.01100475,0.00950002,0.07402322329582635,0.03704041253597109,2
65.0,forward,0.01100475,0.0110017,0.00013859572472674098,3.212734353872683e-06,2
65.0,reverse,0.0110048,0.01100165,0.00014313985734271966,3.2136396208662976e-06,2
68.0,forward,0.01100475,0.0110017,0.00013859572472674098,3.212734353872683e-06,2
68.0,reverse,0.01100475,0.0110017,0.00013859572472674098,3.212734353872683e-06,2
70.0,forward,0.0110048,0.0110016,0.00014541224371092398,0.0,2
70.0,reverse,0.0110047,0.01100165,0.00013859636485007975,3.2136396249799707e-06,2
75.0,forward,0.00900017,0.008999944999999999,1.249992021658172e-05,3.9283950128135317e-07,2
75.0,reverse,0.0100004,0.008999944999999999,0.05265457021971891,3.9175035234698493e-07,2
80.0,forward,0.0070004,0.007000295,7.499627824610337e-06,5.050549877845632e-07,2
80.0,reverse,0.007000395,0.007000295,7.142505119413721e-06,7.2146641404315295e-12,2
85.0,forward,0.003000485,0.0030003,3.082929913902804e-05,1.1783208057054728e-06,2
85.0,reverse,0.00300049,0.0030003,3.1662497771155576e-05,0.0,2
88.0,forward,0.00100005,0.00100002,1.4999475018393697e-05,,1
88.0,reverse,0.00100005,0.00100002,1.4999475018393697e-05,,1
90.0,forward,0.00100005,0.00100002,1.4999475018393697e-05,0.0,2
90.0,reverse,0.00100005,0.00100002,1.4999475018393697e-05,0.0,2
95.0,forward,0.00100005,0.00100002,1.4999475018393697e-05,,1
95.0,reverse,0.00100005,0.00100002,1.4999475018393697e-05,,1
100.0,forward,0.00100005,0.00100002,1.4999475018393697e-05,,1
100.0,reverse,0.00100005,0.00100002,1.4999475018393697e-05,,1
110.0,forward,0.00100005,0.00100002,1.4999475018393697e-05,,1
110.0,reverse,0.00100005,0.00100002,1.4999475018393697e-05,,1
